0,1,2,3,4,5,6,7,8,9,10,11,12,13,14,15,16,17,18,19,20,21,22,23,24,25,26,27,28,29,30,31,32,33,34,35,36,37,38,39,40,41,42,43,44,45,46,47,48,49,50,51,52,53,54,55,56,57,58,59,60,61,62,63,64,65,66,67,68,69,70,71,72,73,74,75,76,77,78,79,80,81,82,83,84,85
0.0,0.0,0.0,0.0,0.0,0.0,0.0,0.0,0.0,0.0,0.0,0.0,0.0,0.0,0.0,0.0,0.0,0.0,0.0,0.0,0.0,0.0,0.0,0.0,0.0,0.0,0.0,0.0,0.0,0.0,0.0,0.0,0.0,0.0,0.0,0.0,0.0,0.0,0.0,0.0,0.0,0.0,0.0,0.0,0.0,0.0,0.0,0.0,0.0,0.0,0.0,0.0,0.0,0.0,0.0,0.0,0.0,0.0,0.0,0.0,0.0,0.0,0.0,0.0,0.0,0.0,0.0,0.0,0.0,0.0,0.0,0.0,0.0,0.0,0.0,0.0,0.0,0.0,0.0,0.0,0.0,0.0,0.0,0.0,0.0,0.0
0.14,0.368,0.128,0.344,0.129,0.34,0.129,0.337,0.129,0.343,0.13,0.339,0.13,0.335,0.144,0.308,0.147,0.302,0.157,0.368,0.159,0.369,0.235,0.35,0.261,0.312,0.28,0.64,0.309,0.59,0.307,0.922,0.329,0.857,0.279,0.948,0.305,0.87,0.276,0.939,0.301,0.879,0.287,0.931,0.313,0.879,0.475,0.443,0.477,0.409,0.654,0.599,0.653,0.577,0.836,0.738,0.82,0.703,0.873,0.731,0.854,0.689,0.839,0.896,0.827,0.841,0.244,0.337,0.252,0.325,0.248,0.331,0.194,0.323,0.2,0.313,0.197,0.318,0.13,0.34,0.158,0.368,0.176,0.369,0.092,0.302
0.14,0.369,0.129,0.345,0.129,0.342,0.129,0.339,0.129,0.344,0.13,0.34,0.131,0.336,0.144,0.31,0.147,0.302,0.157,0.369,0.159,0.37,0.235,0.35,0.261,0.312,0.281,0.64,0.309,0.591,0.307,0.921,0.329,0.858,0.277,0.95,0.305,0.871,0.275,0.939,0.301,0.879,0.287,0.931,0.313,0.879,0.475,0.442,0.477,0.407,0.654,0.596,0.654,0.577,0.834,0.734,0.82,0.705,0.871,0.724,0.853,0.69,0.842,0.889,0.832,0.842,0.244,0.337,0.252,0.325,0.248,0.331,0.194,0.324,0.2,0.313,0.197,0.318,0.13,0.341,0.158,0.37,0.176,0.37,0.092,0.304
0.14,0.37,0.129,0.346,0.129,0.343,0.13,0.34,0.129,0.345,0.13,0.341,0.131,0.337,0.144,0.312,0.147,0.302,0.157,0.37,0.159,0.371,0.235,0.35,0.261,0.312,0.281,0.641,0.309,0.592,0.307,0.921,0.33,0.859,0.276,0.952,0.305,0.872,0.274,0.94,0.302,0.879,0.287,0.931,0.314,0.879,0.475,0.442,0.477,0.406,0.654,0.595,0.654,0.578,0.833,0.732,0.82,0.707,0.87,0.721,0.853,0.691,0.844,0.885,0.833,0.842,0.244,0.337,0.252,0.325,0.248,0.331,0.194,0.325,0.2,0.313,0.197,0.319,0.13,0.342,0.158,0.37,0.176,0.371,0.092,0.305
0.14,0.371,0.129,0.347,0.13,0.344,0.13,0.341,0.13,0.346,0.13,0.342,0.131,0.338,0.144,0.314,0.147,0.303,0.157,0.37,0.159,0.371,0.235,0.351,0.261,0.312,0.281,0.642,0.31,0.592,0.307,0.92,0.33,0.86,0.276,0.953,0.305,0.872,0.274,0.941,0.302,0.879,0.287,0.931,0.314,0.879,0.475,0.442,0.477,0.405,0.654,0.593,0.654,0.578,0.833,0.731,0.82,0.709,0.87,0.719,0.852,0.691,0.845,0.883,0.834,0.842,0.244,0.338,0.252,0.325,0.248,0.332,0.194,0.326,0.2,0.314,0.197,0.32,0.13,0.343,0.158,0.37,0.176,0.37,0.094,0.307
0.14,0.371,0.129,0.348,0.13,0.345,0.13,0.342,0.13,0.346,0.13,0.343,0.131,0.339,0.144,0.315,0.147,0.304,0.157,0.371,0.159,0.372,0.235,0.351,0.261,0.312,0.281,0.642,0.31,0.592,0.307,0.92,0.33,0.86,0.276,0.953,0.305,0.872,0.273,0.941,0.302,0.879,0.287,0.931,0.314,0.879,0.475,0.441,0.477,0.404,0.653,0.593,0.654,0.578,0.832,0.73,0.82,0.709,0.869,0.718,0.852,0.692,0.845,0.882,0.835,0.843,0.244,0.338,0.252,0.325,0.248,0.332,0.194,0.326,0.2,0.314,0.197,0.32,0.13,0.344,0.158,0.372,0.176,0.372,0.094,0.308
0.139,0.373,0.129,0.349,0.13,0.346,0.13,0.343,0.129,0.348,0.13,0.344,0.131,0.34,0.144,0.315,0.146,0.304,0.157,0.372,0.158,0.373,0.235,0.351,0.261,0.312,0.281,0.642,0.31,0.593,0.308,0.92,0.33,0.861,0.275,0.954,0.305,0.872,0.273,0.941,0.302,0.879,0.287,0.931,0.314,0.879,0.475,0.441,0.477,0.404,0.653,0.592,0.654,0.579,0.831,0.73,0.82,0.71,0.869,0.717,0.851,0.692,0.845,0.881,0.835,0.844,0.244,0.338,0.252,0.325,0.248,0.332,0.194,0.326,0.199,0.314,0.196,0.32,0.13,0.345,0.158,0.372,0.176,0.372,0.094,0.309
0.139,0.373,0.129,0.349,0.129,0.347,0.13,0.344,0.129,0.349,0.13,0.345,0.131,0.34,0.144,0.315,0.146,0.304,0.156,0.373,0.157,0.374,0.235,0.351,0.261,0.312,0.281,0.642,0.31,0.593,0.308,0.92,0.33,0.861,0.275,0.954,0.305,0.873,0.273,0.941,0.302,0.879,0.287,0.931,0.314,0.88,0.475,0.441,0.477,0.404,0.653,0.592,0.655,0.579,0.831,0.73,0.82,0.71,0.868,0.716,0.851,0.692,0.845,0.88,0.835,0.845,0.244,0.338,0.252,0.325,0.248,0.332,0.194,0.326,0.199,0.314,0.196,0.32,0.13,0.346,0.156,0.374,0.174,0.374,0.094,0.31
0.138,0.375,0.128,0.351,0.129,0.348,0.13,0.345,0.129,0.35,0.129,0.346,0.13,0.342,0.144,0.315,0.145,0.305,0.155,0.374,0.157,0.376,0.235,0.351,0.261,0.312,0.281,0.643,0.31,0.593,0.308,0.919,0.33,0.861,0.275,0.954,0.305,0.873,0.273,0.941,0.302,0.879,0.287,0.931,0.314,0.88,0.475,0.441,0.477,0.404,0.653,0.592,0.654,0.579,0.83,0.729,0.819,0.71,0.868,0.715,0.85,0.691,0.846,0.88,0.835,0.845,0.244,0.338,0.252,0.325,0.248,0.332,0.194,0.326,0.199,0.315,0.196,0.321,0.129,0.347,0.156,0.375,0.174,0.375,0.094,0.311
0.137,0.376,0.128,0.352,0.129,0.349,0.129,0.346,0.128,0.351,0.129,0.347,0.13,0.343,0.143,0.316,0.145,0.305,0.155,0.375,0.156,0.377,0.235,0.352,0.261,0.312,0.281,0.643,0.31,0.593,0.308,0.919,0.33,0.861,0.275,0.954,0.305,0.873,0.273,0.942,0.302,0.879,0.287,0.931,0.314,0.88,0.475,0.441,0.477,0.404,0.652,0.592,0.654,0.579,0.83,0.729,0.819,0.711,0.868,0.715,0.85,0.691,0.846,0.88,0.835,0.845,0.244,0.339,0.252,0.325,0.248,0.332,0.193,0.327,0.199,0.315,0.196,0.321,0.129,0.348,0.156,0.376,0.174,0.376,0.095,0.312
0.136,0.379,0.127,0.353,0.128,0.35,0.129,0.347,0.127,0.353,0.128,0.349,0.129,0.345,0.143,0.316,0.144,0.307,0.154,0.378,0.155,0.38,0.235,0.352,0.26,0.312,0.282,0.643,0.31,0.593,0.308,0.919,0.33,0.861,0.275,0.954,0.306,0.872,0.273,0.942,0.302,0.878,0.287,0.931,0.314,0.879,0.474,0.441,0.476,0.404,0.652,0.592,0.654,0.579,0.829,0.729,0.818,0.711,0.868,0.714,0.849,0.691,0.846,0.88,0.835,0.846,0.243,0.339,0.252,0.325,0.248,0.332,0.193,0.327,0.198,0.316,0.195,0.322,0.128,0.35,0.154,0.379,0.173,0.379,0.094,0.311
0.136,0.381,0.127,0.355,0.128,0.351,0.128,0.348,0.127,0.355,0.128,0.351,0.128,0.346,0.142,0.316,0.143,0.307,0.153,0.38,0.154,0.382,0.235,0.352,0.26,0.312,0.282,0.643,0.311,0.592,0.308,0.919,0.33,0.86,0.275,0.954,0.306,0.871,0.273,0.942,0.302,0.878,0.287,0.931,0.315,0.879,0.474,0.441,0.476,0.404,0.652,0.592,0.653,0.579,0.829,0.729,0.818,0.711,0.868,0.714,0.848,0.69,0.846,0.881,0.835,0.847,0.243,0.339,0.252,0.325,0.248,0.332,0.193,0.327,0.197,0.316,0.195,0.322,0.128,0.351,0.154,0.381,0.171,0.381,0.095,0.312
0.134,0.384,0.126,0.357,0.126,0.353,0.127,0.349,0.125,0.357,0.126,0.353,0.127,0.349,0.142,0.316,0.142,0.309,0.152,0.383,0.153,0.386,0.235,0.353,0.26,0.313,0.283,0.643,0.314,0.591,0.308,0.919,0.331,0.859,0.275,0.955,0.307,0.868,0.273,0.942,0.303,0.876,0.287,0.931,0.315,0.878,0.473,0.443,0.476,0.405,0.652,0.592,0.653,0.579,0.828,0.729,0.818,0.711,0.867,0.714,0.848,0.69,0.846,0.881,0.835,0.848,0.243,0.34,0.252,0.326,0.248,0.333,0.193,0.328,0.197,0.318,0.195,0.323,0.126,0.353,0.152,0.384,0.171,0.385,0.092,0.312
0.133,0.386,0.125,0.358,0.126,0.354,0.127,0.35,0.125,0.359,0.125,0.355,0.126,0.35,0.142,0.317,0.142,0.31,0.151,0.384,0.152,0.388,0.234,0.354,0.26,0.313,0.283,0.643,0.316,0.59,0.308,0.919,0.331,0.858,0.275,0.955,0.308,0.866,0.273,0.942,0.304,0.874,0.287,0.931,0.315,0.877,0.473,0.443,0.476,0.405,0.651,0.592,0.653,0.58,0.828,0.729,0.818,0.711,0.867,0.714,0.848,0.69,0.846,0.881,0.835,0.848,0.243,0.34,0.251,0.327,0.247,0.334,0.192,0.329,0.197,0.318,0.194,0.324,0.126,0.354,0.152,0.386,0.17,0.386,0.092,0.314
0.133,0.388,0.125,0.359,0.126,0.355,0.127,0.351,0.125,0.36,0.125,0.356,0.126,0.352,0.141,0.317,0.141,0.312,0.151,0.386,0.152,0.389,0.234,0.355,0.259,0.313,0.284,0.642,0.316,0.589,0.308,0.919,0.332,0.857,0.275,0.955,0.308,0.864,0.273,0.942,0.304,0.873,0.287,0.931,0.316,0.876,0.472,0.445,0.475,0.405,0.65,0.592,0.651,0.579,0.828,0.729,0.817,0.711,0.867,0.714,0.847,0.69,0.846,0.881,0.835,0.849,0.242,0.341,0.251,0.327,0.246,0.334,0.192,0.329,0.196,0.32,0.194,0.324,0.126,0.356,0.152,0.388,0.17,0.387,0.092,0.314
0.133,0.389,0.125,0.36,0.126,0.356,0.127,0.352,0.125,0.361,0.125,0.357,0.126,0.353,0.141,0.318,0.141,0.313,0.151,0.387,0.152,0.39,0.233,0.356,0.259,0.313,0.285,0.642,0.317,0.588,0.308,0.92,0.332,0.856,0.275,0.955,0.308,0.863,0.273,0.942,0.305,0.871,0.287,0.931,0.316,0.875,0.472,0.446,0.475,0.405,0.649,0.592,0.651,0.579,0.828,0.729,0.817,0.711,0.867,0.714,0.847,0.69,0.846,0.881,0.835,0.849,0.242,0.342,0.25,0.327,0.246,0.334,0.191,0.33,0.196,0.32,0.194,0.325,0.126,0.356,0.152,0.388,0.17,0.388,0.092,0.315
0.133,0.396,0.125,0.365,0.126,0.36,0.126,0.356,0.125,0.367,0.125,0.363,0.126,0.359,0.141,0.321,0.141,0.317,0.152,0.392,0.152,0.397,0.232,0.358,0.258,0.314,0.287,0.641,0.323,0.585,0.308,0.92,0.335,0.851,0.275,0.955,0.311,0.855,0.273,0.941,0.307,0.863,0.287,0.93,0.317,0.87,0.472,0.448,0.475,0.407,0.647,0.592,0.649,0.579,0.828,0.729,0.817,0.711,0.867,0.714,0.847,0.69,0.846,0.881,0.835,0.849,0.241,0.343,0.249,0.329,0.245,0.336,0.191,0.332,0.195,0.323,0.193,0.328,0.126,0.362,0.152,0.394,0.171,0.393,0.091,0.319
0.133,0.4,0.125,0.368,0.126,0.363,0.126,0.358,0.125,0.37,0.125,0.367,0.126,0.363,0.141,0.322,0.141,0.32,0.152,0.395,0.152,0.4,0.232,0.359,0.258,0.314,0.288,0.64,0.326,0.583,0.309,0.92,0.337,0.847,0.275,0.955,0.313,0.851,0.273,0.941,0.308,0.859,0.287,0.93,0.318,0.866,0.472,0.449,0.475,0.408,0.647,0.592,0.648,0.579,0.827,0.729,0.817,0.711,0.867,0.714,0.847,0.69,0.845,0.881,0.834,0.849,0.241,0.344,0.249,0.329,0.245,0.336,0.191,0.333,0.195,0.324,0.193,0.329,0.126,0.365,0.152,0.398,0.171,0.395,0.091,0.323
0.133,0.407,0.124,0.376,0.124,0.371,0.125,0.366,0.124,0.377,0.124,0.373,0.125,0.368,0.14,0.33,0.14,0.325,0.151,0.401,0.152,0.405,0.23,0.368,0.256,0.317,0.293,0.644,0.33,0.583,0.309,0.92,0.339,0.842,0.276,0.954,0.314,0.847,0.273,0.941,0.31,0.856,0.287,0.929,0.32,0.862,0.47,0.456,0.474,0.415,0.646,0.595,0.648,0.581,0.827,0.729,0.816,0.711,0.867,0.714,0.846,0.689,0.845,0.882,0.834,0.849,0.239,0.351,0.247,0.334,0.243,0.342,0.189,0.34,0.194,0.33,0.192,0.335,0.124,0.372,0.152,0.403,0.17,0.399,0.088,0.332
0.133,0.41,0.123,0.379,0.124,0.374,0.125,0.37,0.123,0.379,0.124,0.375,0.125,0.37,0.139,0.335,0.139,0.328,0.151,0.404,0.152,0.407,0.229,0.372,0.255,0.319,0.296,0.644,0.332,0.581,0.31,0.918,0.341,0.838,0.277,0.952,0.316,0.845,0.275,0.939,0.312,0.854,0.288,0.927,0.321,0.859,0.468,0.458,0.473,0.416,0.646,0.596,0.647,0.581,0.827,0.729,0.815,0.71,0.866,0.714,0.845,0.688,0.845,0.882,0.834,0.849,0.238,0.354,0.246,0.337,0.242,0.346,0.188,0.345,0.193,0.332,0.19,0.338,0.124,0.374,0.152,0.406,0.17,0.401,0.088,0.334
0.131,0.422,0.122,0.391,0.123,0.386,0.124,0.381,0.122,0.392,0.123,0.387,0.124,0.382,0.138,0.344,0.138,0.339,0.15,0.415,0.151,0.42,0.229,0.386,0.253,0.331,0.299,0.646,0.338,0.581,0.31,0.918,0.342,0.836,0.279,0.95,0.318,0.842,0.275,0.937,0.314,0.85,0.288,0.926,0.322,0.856,0.467,0.466,0.472,0.425,0.645,0.598,0.647,0.583,0.826,0.729,0.815,0.71,0.865,0.713,0.845,0.687,0.845,0.882,0.834,0.849,0.237,0.368,0.245,0.349,0.241,0.359,0.188,0.356,0.192,0.344,0.19,0.35,0.123,0.386,0.15,0.418,0.17,0.413,0.087,0.346
0.13,0.424,0.121,0.393,0.121,0.389,0.122,0.384,0.121,0.394,0.122,0.389,0.122,0.384,0.137,0.347,0.137,0.34,0.149,0.417,0.15,0.421,0.228,0.389,0.252,0.333,0.301,0.648,0.34,0.58,0.31,0.917,0.342,0.832,0.279,0.949,0.319,0.836,0.276,0.935,0.315,0.844,0.288,0.925,0.324,0.851,0.465,0.469,0.47,0.427,0.645,0.599,0.646,0.584,0.825,0.728,0.815,0.709,0.865,0.71,0.845,0.684,0.845,0.882,0.834,0.847,0.236,0.37,0.244,0.352,0.24,0.361,0.186,0.359,0.19,0.346,0.188,0.352,0.122,0.389,0.15,0.419,0.169,0.414,0.085,0.35
0.127,0.432,0.118,0.401,0.119,0.396,0.12,0.391,0.118,0.401,0.119,0.396,0.12,0.39,0.136,0.356,0.135,0.35,0.146,0.428,0.147,0.431,0.226,0.401,0.249,0.345,0.303,0.649,0.341,0.58,0.31,0.917,0.343,0.829,0.279,0.949,0.32,0.827,0.276,0.935,0.316,0.834,0.288,0.924,0.324,0.845,0.463,0.477,0.469,0.434,0.642,0.604,0.644,0.589,0.825,0.727,0.814,0.707,0.865,0.709,0.844,0.679,0.845,0.882,0.834,0.846,0.234,0.382,0.241,0.364,0.238,0.373,0.185,0.369,0.188,0.357,0.186,0.363,0.119,0.396,0.146,0.43,0.166,0.427,0.083,0.352
0.126,0.437,0.117,0.406,0.118,0.402,0.119,0.397,0.117,0.406,0.118,0.401,0.119,0.395,0.134,0.362,0.134,0.355,0.145,0.433,0.146,0.435,0.225,0.408,0.247,0.351,0.306,0.651,0.34,0.58,0.31,0.917,0.343,0.826,0.279,0.949,0.32,0.822,0.276,0.933,0.316,0.829,0.288,0.924,0.324,0.841,0.463,0.482,0.468,0.437,0.641,0.607,0.644,0.591,0.825,0.727,0.814,0.705,0.865,0.707,0.844,0.675,0.845,0.882,0.834,0.843,0.232,0.389,0.24,0.37,0.236,0.379,0.183,0.375,0.187,0.362,0.185,0.369,0.118,0.402,0.146,0.434,0.165,0.431,0.082,0.359
0.125,0.45,0.116,0.416,0.117,0.411,0.118,0.406,0.116,0.416,0.117,0.411,0.118,0.405,0.133,0.373,0.133,0.366,0.144,0.447,0.144,0.449,0.223,0.418,0.245,0.363,0.309,0.651,0.346,0.579,0.31,0.918,0.346,0.824,0.279,0.948,0.322,0.82,0.276,0.933,0.318,0.825,0.288,0.924,0.326,0.839,0.462,0.489,0.467,0.444,0.641,0.611,0.643,0.595,0.824,0.727,0.814,0.704,0.865,0.706,0.844,0.673,0.845,0.882,0.834,0.84,0.23,0.4,0.238,0.381,0.234,0.39,0.182,0.386,0.185,0.374,0.184,0.38,0.117,0.411,0.144,0.448,0.163,0.446,0.082,0.363
0.123,0.455,0.114,0.421,0.115,0.417,0.116,0.412,0.114,0.421,0.115,0.415,0.116,0.41,0.131,0.377,0.132,0.369,0.142,0.45,0.142,0.451,0.222,0.42,0.244,0.367,0.31,0.65,0.345,0.579,0.31,0.918,0.346,0.825,0.28,0.946,0.322,0.822,0.276,0.932,0.318,0.828,0.287,0.923,0.326,0.84,0.461,0.492,0.467,0.449,0.641,0.614,0.643,0.597,0.824,0.727,0.814,0.704,0.865,0.706,0.844,0.673,0.845,0.882,0.834,0.838,0.229,0.402,0.237,0.385,0.233,0.393,0.18,0.39,0.184,0.377,0.182,0.383,0.115,0.416,0.142,0.45,0.161,0.446,0.08,0.371
0.121,0.475,0.112,0.441,0.113,0.436,0.114,0.431,0.112,0.44,0.113,0.434,0.114,0.428,0.129,0.395,0.129,0.387,0.14,0.471,0.141,0.471,0.221,0.432,0.241,0.386,0.314,0.649,0.345,0.581,0.31,0.919,0.345,0.825,0.28,0.945,0.321,0.824,0.276,0.932,0.316,0.83,0.287,0.923,0.325,0.84,0.46,0.501,0.464,0.459,0.639,0.619,0.639,0.601,0.824,0.727,0.812,0.703,0.863,0.706,0.842,0.673,0.845,0.881,0.833,0.836,0.228,0.417,0.234,0.401,0.231,0.409,0.178,0.406,0.182,0.394,0.18,0.4,0.113,0.435,0.14,0.471,0.16,0.467,0.077,0.388
0.119,0.478,0.111,0.445,0.112,0.44,0.113,0.435,0.111,0.445,0.112,0.44,0.113,0.434,0.128,0.398,0.128,0.392,0.139,0.472,0.139,0.474,0.22,0.438,0.239,0.39,0.316,0.649,0.345,0.583,0.31,0.92,0.344,0.828,0.281,0.945,0.32,0.83,0.277,0.931,0.315,0.835,0.287,0.923,0.324,0.843,0.46,0.503,0.463,0.462,0.638,0.623,0.638,0.604,0.824,0.727,0.811,0.703,0.863,0.706,0.84,0.673,0.846,0.881,0.833,0.834,0.226,0.422,0.233,0.406,0.229,0.414,0.177,0.41,0.18,0.399,0.179,0.404,0.112,0.44,0.139,0.473,0.159,0.468,0.077,0.397
0.119,0.495,0.11,0.461,0.111,0.456,0.112,0.451,0.11,0.46,0.111,0.455,0.112,0.449,0.127,0.414,0.127,0.407,0.138,0.49,0.139,0.491,0.22,0.457,0.237,0.406,0.32,0.651,0.343,0.588,0.31,0.921,0.341,0.831,0.281,0.945,0.316,0.836,0.277,0.931,0.311,0.84,0.287,0.923,0.321,0.846,0.459,0.518,0.461,0.474,0.638,0.629,0.637,0.61,0.823,0.728,0.81,0.703,0.862,0.706,0.838,0.672,0.846,0.881,0.833,0.833,0.226,0.44,0.231,0.423,0.228,0.432,0.176,0.427,0.179,0.415,0.178,0.421,0.111,0.456,0.138,0.49,0.158,0.486,0.075,0.41
0.118,0.497,0.109,0.465,0.11,0.46,0.111,0.455,0.109,0.464,0.11,0.459,0.111,0.453,0.126,0.418,0.126,0.411,0.137,0.491,0.138,0.492,0.219,0.457,0.236,0.409,0.32,0.65,0.341,0.589,0.31,0.921,0.34,0.833,0.281,0.944,0.314,0.838,0.276,0.931,0.308,0.841,0.287,0.923,0.319,0.846,0.457,0.519,0.46,0.476,0.637,0.632,0.636,0.612,0.823,0.729,0.809,0.703,0.862,0.708,0.838,0.673,0.844,0.881,0.831,0.832,0.225,0.441,0.23,0.425,0.227,0.433,0.175,0.43,0.178,0.418,0.177,0.424,0.11,0.46,0.138,0.492,0.157,0.486,0.074,0.418
0.117,0.516,0.108,0.482,0.108,0.477,0.109,0.472,0.108,0.481,0.108,0.476,0.109,0.469,0.124,0.436,0.124,0.429,0.136,0.51,0.137,0.511,0.218,0.474,0.234,0.426,0.32,0.652,0.339,0.594,0.31,0.922,0.339,0.838,0.281,0.944,0.311,0.843,0.276,0.93,0.305,0.843,0.287,0.922,0.317,0.847,0.456,0.531,0.458,0.488,0.636,0.635,0.635,0.615,0.823,0.729,0.808,0.704,0.862,0.709,0.838,0.673,0.843,0.881,0.83,0.832,0.223,0.458,0.229,0.442,0.226,0.45,0.174,0.447,0.176,0.436,0.175,0.441,0.108,0.476,0.136,0.51,0.156,0.505,0.071,0.432
0.115,0.519,0.107,0.485,0.108,0.48,0.108,0.475,0.107,0.484,0.108,0.479,0.109,0.473,0.123,0.441,0.124,0.433,0.135,0.512,0.135,0.513,0.217,0.475,0.233,0.432,0.32,0.652,0.338,0.595,0.31,0.922,0.337,0.843,0.282,0.944,0.309,0.846,0.277,0.929,0.303,0.847,0.287,0.921,0.315,0.85,0.455,0.535,0.457,0.492,0.636,0.638,0.635,0.618,0.823,0.73,0.808,0.704,0.863,0.709,0.838,0.673,0.843,0.881,0.83,0.832,0.222,0.461,0.228,0.446,0.225,0.454,0.173,0.451,0.176,0.44,0.174,0.445,0.108,0.48,0.135,0.512,0.155,0.506,0.073,0.437
0.113,0.537,0.105,0.504,0.106,0.5,0.106,0.495,0.105,0.503,0.106,0.498,0.107,0.492,0.121,0.458,0.121,0.453,0.133,0.532,0.133,0.532,0.214,0.489,0.231,0.448,0.321,0.651,0.338,0.597,0.312,0.922,0.337,0.846,0.283,0.944,0.309,0.847,0.278,0.928,0.303,0.849,0.288,0.921,0.315,0.853,0.455,0.546,0.456,0.505,0.635,0.642,0.632,0.623,0.823,0.73,0.807,0.703,0.863,0.709,0.836,0.671,0.845,0.876,0.83,0.827,0.22,0.475,0.225,0.462,0.222,0.468,0.17,0.467,0.173,0.457,0.172,0.462,0.106,0.499,0.133,0.532,0.153,0.527,0.071,0.456
0.111,0.541,0.103,0.508,0.104,0.504,0.105,0.499,0.104,0.507,0.105,0.502,0.105,0.496,0.12,0.463,0.12,0.457,0.131,0.534,0.131,0.534,0.213,0.49,0.231,0.45,0.32,0.65,0.338,0.599,0.312,0.923,0.337,0.85,0.283,0.944,0.31,0.849,0.278,0.928,0.304,0.854,0.288,0.921,0.315,0.857,0.454,0.547,0.455,0.507,0.634,0.645,0.631,0.626,0.823,0.73,0.807,0.702,0.862,0.707,0.836,0.666,0.845,0.875,0.83,0.827,0.219,0.477,0.225,0.463,0.222,0.47,0.169,0.47,0.172,0.46,0.171,0.465,0.104,0.503,0.131,0.534,0.151,0.527,0.07,0.463
0.11,0.56,0.102,0.529,0.103,0.524,0.104,0.519,0.102,0.528,0.103,0.523,0.104,0.517,0.118,0.482,0.118,0.479,0.129,0.555,0.13,0.555,0.21,0.505,0.226,0.466,0.321,0.646,0.337,0.599,0.313,0.923,0.335,0.85,0.284,0.944,0.307,0.844,0.278,0.928,0.3,0.851,0.288,0.92,0.312,0.856,0.453,0.559,0.453,0.521,0.632,0.654,0.628,0.634,0.823,0.73,0.805,0.698,0.859,0.703,0.833,0.657,0.845,0.875,0.829,0.827,0.215,0.492,0.221,0.479,0.218,0.486,0.167,0.487,0.169,0.479,0.168,0.483,0.103,0.524,0.13,0.555,0.149,0.55,0.069,0.483
0.11,0.568,0.102,0.536,0.103,0.531,0.104,0.526,0.102,0.535,0.103,0.53,0.104,0.524,0.118,0.488,0.118,0.484,0.129,0.561,0.13,0.562,0.209,0.509,0.226,0.469,0.321,0.645,0.337,0.6,0.313,0.923,0.335,0.85,0.284,0.944,0.307,0.844,0.278,0.928,0.3,0.852,0.288,0.92,0.312,0.857,0.451,0.565,0.451,0.525,0.632,0.656,0.628,0.635,0.823,0.729,0.805,0.694,0.861,0.7,0.834,0.653,0.845,0.875,0.828,0.827,0.215,0.496,0.22,0.482,0.218,0.489,0.166,0.492,0.169,0.483,0.168,0.488,0.103,0.53,0.13,0.562,0.149,0.555,0.069,0.49
0.109,0.592,0.101,0.561,0.101,0.557,0.102,0.552,0.101,0.559,0.102,0.554,0.103,0.548,0.116,0.513,0.116,0.51,0.128,0.588,0.128,0.587,0.207,0.531,0.223,0.488,0.322,0.646,0.337,0.602,0.313,0.923,0.334,0.85,0.284,0.946,0.307,0.843,0.278,0.928,0.3,0.852,0.288,0.92,0.311,0.857,0.45,0.576,0.45,0.538,0.63,0.66,0.627,0.64,0.822,0.729,0.803,0.693,0.861,0.7,0.833,0.651,0.845,0.875,0.827,0.827,0.212,0.517,0.218,0.502,0.215,0.51,0.164,0.515,0.167,0.506,0.165,0.51,0.102,0.556,0.128,0.587,0.147,0.583,0.067,0.514
0.108,0.594,0.1,0.563,0.101,0.559,0.101,0.555,0.1,0.56,0.101,0.554,0.102,0.548,0.115,0.518,0.115,0.511,0.126,0.59,0.127,0.587,0.206,0.537,0.223,0.49,0.322,0.646,0.337,0.601,0.313,0.923,0.333,0.85,0.284,0.948,0.306,0.84,0.278,0.929,0.299,0.851,0.287,0.92,0.31,0.856,0.449,0.58,0.449,0.54,0.63,0.665,0.626,0.642,0.823,0.729,0.802,0.693,0.861,0.7,0.832,0.649,0.843,0.875,0.82,0.827,0.212,0.521,0.217,0.506,0.214,0.514,0.163,0.52,0.166,0.508,0.165,0.514,0.101,0.556,0.126,0.588,0.145,0.583,0.068,0.515
0.106,0.61,0.098,0.58,0.099,0.577,0.099,0.574,0.099,0.576,0.1,0.571,0.101,0.565,0.113,0.539,0.114,0.531,0.123,0.607,0.124,0.604,0.2,0.555,0.219,0.504,0.322,0.644,0.337,0.599,0.312,0.919,0.329,0.835,0.284,0.948,0.302,0.823,0.277,0.929,0.295,0.835,0.285,0.92,0.306,0.844,0.448,0.592,0.447,0.55,0.628,0.67,0.623,0.647,0.822,0.729,0.801,0.693,0.859,0.697,0.831,0.649,0.843,0.874,0.82,0.828,0.206,0.538,0.213,0.521,0.21,0.53,0.16,0.538,0.163,0.526,0.161,0.532,0.1,0.574,0.124,0.605,0.141,0.601,0.068,0.533
0.104,0.612,0.097,0.584,0.097,0.581,0.098,0.578,0.097,0.58,0.098,0.574,0.099,0.568,0.111,0.545,0.112,0.531,0.121,0.606,0.122,0.603,0.199,0.56,0.217,0.507,0.322,0.644,0.336,0.599,0.312,0.919,0.328,0.834,0.284,0.948,0.301,0.823,0.277,0.93,0.295,0.834,0.285,0.92,0.305,0.843,0.446,0.595,0.446,0.551,0.628,0.674,0.623,0.648,0.822,0.729,0.801,0.693,0.859,0.698,0.831,0.649,0.844,0.874,0.82,0.828,0.205,0.542,0.211,0.525,0.208,0.534,0.158,0.544,0.162,0.528,0.16,0.536,0.098,0.577,0.122,0.604,0.139,0.597,0.066,0.542
0.104,0.633,0.095,0.606,0.096,0.603,0.096,0.6,0.096,0.602,0.097,0.597,0.097,0.591,0.109,0.564,0.11,0.554,0.121,0.626,0.121,0.623,0.197,0.575,0.216,0.518,0.322,0.644,0.336,0.597,0.313,0.918,0.329,0.831,0.285,0.948,0.304,0.82,0.278,0.93,0.298,0.831,0.286,0.92,0.308,0.84,0.445,0.607,0.445,0.562,0.625,0.68,0.619,0.653,0.822,0.729,0.799,0.693,0.859,0.698,0.829,0.649,0.844,0.874,0.818,0.828,0.203,0.556,0.21,0.537,0.207,0.546,0.156,0.56,0.16,0.546,0.158,0.553,0.096,0.6,0.121,0.624,0.138,0.616,0.065,0.568
0.103,0.631,0.094,0.606,0.095,0.603,0.095,0.6,0.095,0.601,0.095,0.596,0.096,0.59,0.107,0.569,0.109,0.552,0.12,0.622,0.12,0.619,0.195,0.583,0.214,0.522,0.322,0.644,0.336,0.597,0.313,0.918,0.328,0.824,0.285,0.948,0.304,0.816,0.278,0.931,0.298,0.827,0.286,0.92,0.308,0.835,0.444,0.612,0.444,0.567,0.625,0.685,0.619,0.655,0.822,0.73,0.799,0.693,0.861,0.699,0.829,0.649,0.843,0.874,0.816,0.829,0.201,0.563,0.208,0.542,0.205,0.552,0.154,0.566,0.158,0.547,0.156,0.556,0.095,0.599,0.12,0.62,0.137,0.61,0.062,0.572
0.102,0.672,0.092,0.645,0.093,0.641,0.093,0.638,0.093,0.641,0.093,0.635,0.094,0.629,0.105,0.6,0.106,0.588,0.118,0.66,0.119,0.658,0.193,0.604,0.211,0.541,0.321,0.641,0.334,0.593,0.313,0.918,0.326,0.815,0.285,0.946,0.301,0.807,0.278,0.931,0.297,0.818,0.286,0.92,0.306,0.825,0.444,0.627,0.443,0.579,0.626,0.693,0.619,0.661,0.822,0.73,0.799,0.693,0.861,0.699,0.829,0.647,0.844,0.875,0.816,0.829,0.199,0.583,0.205,0.562,0.202,0.572,0.152,0.591,0.156,0.575,0.154,0.583,0.093,0.638,0.118,0.659,0.135,0.646,0.06,0.611
0.101,0.669,0.091,0.641,0.092,0.638,0.092,0.634,0.092,0.638,0.092,0.632,0.093,0.626,0.104,0.598,0.105,0.586,0.117,0.658,0.118,0.656,0.193,0.604,0.212,0.548,0.322,0.641,0.334,0.595,0.313,0.92,0.327,0.816,0.285,0.946,0.301,0.81,0.278,0.932,0.297,0.821,0.286,0.922,0.306,0.828,0.443,0.628,0.442,0.584,0.626,0.695,0.618,0.663,0.822,0.73,0.799,0.693,0.861,0.694,0.829,0.647,0.845,0.875,0.817,0.831,0.199,0.585,0.206,0.567,0.202,0.576,0.152,0.592,0.155,0.576,0.154,0.584,0.092,0.635,0.118,0.657,0.134,0.645,0.059,0.606
0.098,0.698,0.089,0.668,0.09,0.663,0.09,0.659,0.09,0.665,0.09,0.66,0.091,0.654,0.103,0.62,0.104,0.614,0.115,0.689,0.115,0.689,0.194,0.619,0.212,0.567,0.321,0.641,0.334,0.597,0.313,0.92,0.327,0.817,0.285,0.946,0.302,0.812,0.278,0.932,0.297,0.822,0.286,0.922,0.307,0.829,0.443,0.64,0.442,0.598,0.626,0.704,0.619,0.67,0.822,0.731,0.799,0.693,0.861,0.692,0.829,0.647,0.847,0.877,0.818,0.833,0.2,0.602,0.206,0.584,0.203,0.593,0.152,0.611,0.155,0.599,0.153,0.605,0.09,0.662,0.115,0.689,0.132,0.68,0.057,0.626
0.098,0.695,0.089,0.667,0.09,0.663,0.09,0.659,0.09,0.664,0.09,0.658,0.091,0.652,0.103,0.624,0.104,0.616,0.115,0.687,0.115,0.685,0.193,0.627,0.211,0.571,0.321,0.641,0.332,0.597,0.313,0.918,0.326,0.818,0.285,0.943,0.302,0.812,0.278,0.93,0.297,0.822,0.286,0.92,0.306,0.829,0.441,0.642,0.439,0.6,0.626,0.705,0.617,0.67,0.82,0.731,0.796,0.693,0.855,0.689,0.827,0.647,0.85,0.875,0.822,0.832,0.199,0.608,0.205,0.59,0.202,0.599,0.151,0.616,0.154,0.603,0.153,0.609,0.09,0.661,0.115,0.686,0.132,0.677,0.057,0.627
0.098,0.722,0.089,0.695,0.089,0.69,0.089,0.686,0.089,0.693,0.09,0.687,0.09,0.682,0.102,0.651,0.103,0.644,0.114,0.713,0.115,0.713,0.193,0.641,0.21,0.592,0.319,0.641,0.33,0.6,0.313,0.917,0.325,0.821,0.285,0.942,0.301,0.817,0.278,0.93,0.295,0.826,0.286,0.92,0.304,0.83,0.44,0.656,0.438,0.615,0.626,0.712,0.617,0.674,0.819,0.731,0.795,0.693,0.853,0.687,0.826,0.647,0.852,0.872,0.824,0.83,0.199,0.625,0.204,0.608,0.202,0.616,0.15,0.638,0.154,0.626,0.152,0.632,0.09,0.688,0.114,0.713,0.131,0.704,0.057,0.657
0.097,0.721,0.088,0.695,0.088,0.691,0.089,0.687,0.089,0.693,0.089,0.687,0.09,0.682,0.101,0.652,0.102,0.644,0.114,0.71,0.115,0.709,0.191,0.646,0.209,0.598,0.317,0.644,0.33,0.605,0.313,0.917,0.325,0.826,0.285,0.942,0.301,0.823,0.277,0.93,0.295,0.832,0.285,0.92,0.304,0.835,0.438,0.656,0.436,0.614,0.624,0.712,0.615,0.677,0.818,0.731,0.795,0.694,0.853,0.683,0.826,0.647,0.852,0.873,0.825,0.833,0.197,0.63,0.203,0.614,0.2,0.622,0.149,0.641,0.152,0.629,0.151,0.635,0.088,0.689,0.114,0.71,0.132,0.698,0.055,0.662
0.096,0.752,0.086,0.725,0.087,0.721,0.087,0.716,0.087,0.722,0.088,0.717,0.089,0.711,0.1,0.679,0.101,0.672,0.113,0.741,0.114,0.74,0.19,0.661,0.209,0.626,0.312,0.645,0.33,0.612,0.313,0.917,0.325,0.831,0.284,0.942,0.301,0.827,0.276,0.93,0.295,0.835,0.284,0.92,0.304,0.837,0.437,0.672,0.435,0.632,0.623,0.718,0.614,0.688,0.818,0.731,0.794,0.695,0.852,0.682,0.826,0.648,0.852,0.873,0.827,0.835,0.196,0.649,0.203,0.638,0.2,0.644,0.148,0.664,0.152,0.655,0.15,0.66,0.088,0.719,0.114,0.74,0.131,0.729,0.054,0.691
0.096,0.756,0.086,0.728,0.087,0.724,0.087,0.72,0.087,0.726,0.088,0.721,0.089,0.715,0.1,0.686,0.101,0.676,0.113,0.741,0.114,0.74,0.188,0.668,0.208,0.628,0.308,0.65,0.329,0.62,0.313,0.917,0.325,0.842,0.284,0.942,0.301,0.84,0.276,0.931,0.295,0.849,0.283,0.921,0.304,0.849,0.436,0.676,0.434,0.635,0.622,0.717,0.614,0.687,0.817,0.731,0.794,0.696,0.852,0.681,0.827,0.649,0.852,0.873,0.829,0.837,0.195,0.655,0.201,0.641,0.198,0.648,0.147,0.67,0.151,0.659,0.149,0.665,0.088,0.722,0.114,0.74,0.131,0.725,0.054,0.699
0.094,0.78,0.084,0.753,0.084,0.749,0.085,0.744,0.085,0.75,0.086,0.744,0.087,0.738,0.098,0.706,0.1,0.696,0.111,0.767,0.113,0.765,0.185,0.686,0.207,0.64,0.307,0.653,0.329,0.62,0.313,0.917,0.324,0.848,0.284,0.943,0.301,0.848,0.276,0.933,0.295,0.857,0.283,0.922,0.304,0.856,0.434,0.69,0.432,0.645,0.622,0.717,0.614,0.686,0.816,0.731,0.794,0.697,0.85,0.681,0.827,0.651,0.852,0.873,0.83,0.837,0.192,0.671,0.2,0.655,0.196,0.663,0.145,0.688,0.15,0.676,0.148,0.682,0.085,0.746,0.112,0.766,0.13,0.752,0.05,0.721
0.095,0.782,0.084,0.757,0.084,0.753,0.085,0.749,0.085,0.753,0.086,0.747,0.087,0.741,0.098,0.713,0.099,0.7,0.112,0.769,0.113,0.767,0.181,0.692,0.205,0.644,0.303,0.653,0.326,0.62,0.312,0.913,0.324,0.848,0.282,0.943,0.301,0.849,0.275,0.933,0.295,0.857,0.283,0.922,0.304,0.857,0.433,0.692,0.431,0.648,0.621,0.719,0.614,0.69,0.815,0.731,0.793,0.698,0.848,0.681,0.826,0.652,0.851,0.874,0.828,0.838,0.189,0.676,0.197,0.66,0.193,0.668,0.144,0.694,0.148,0.68,0.146,0.687,0.085,0.75,0.112,0.768,0.13,0.754,0.049,0.727
0.093,0.803,0.083,0.771,0.083,0.767,0.084,0.763,0.084,0.768,0.085,0.762,0.086,0.756,0.097,0.726,0.099,0.716,0.111,0.79,0.113,0.788,0.18,0.703,0.205,0.658,0.298,0.653,0.326,0.619,0.311,0.91,0.324,0.851,0.281,0.942,0.301,0.855,0.274,0.933,0.295,0.863,0.282,0.921,0.304,0.861,0.433,0.702,0.431,0.667,0.621,0.724,0.614,0.7,0.814,0.731,0.793,0.701,0.845,0.679,0.826,0.654,0.851,0.874,0.829,0.842,0.188,0.688,0.197,0.673,0.192,0.68,0.143,0.707,0.148,0.694,0.145,0.701,0.084,0.764,0.112,0.789,0.131,0.775,0.048,0.733
0.094,0.805,0.083,0.775,0.084,0.772,0.084,0.768,0.084,0.771,0.085,0.766,0.086,0.76,0.098,0.732,0.099,0.72,0.111,0.795,0.113,0.791,0.177,0.712,0.205,0.656,0.298,0.653,0.329,0.595,0.309,0.91,0.322,0.85,0.281,0.943,0.301,0.86,0.273,0.935,0.305,0.801,0.28,0.923,0.303,0.865,0.431,0.708,0.431,0.666,0.618,0.728,0.614,0.706,0.814,0.731,0.794,0.703,0.844,0.679,0.826,0.659,0.851,0.874,0.831,0.847,0.186,0.693,0.196,0.675,0.191,0.684,0.142,0.713,0.147,0.697,0.145,0.705,0.084,0.769,0.112,0.793,0.13,0.781,0.049,0.738
0.096,0.819,0.083,0.784,0.084,0.78,0.084,0.776,0.084,0.78,0.085,0.773,0.086,0.767,0.098,0.742,0.099,0.731,0.114,0.804,0.115,0.801,0.176,0.722,0.205,0.667,0.296,0.654,0.33,0.596,0.308,0.91,0.325,0.85,0.28,0.944,0.334,0.777,0.272,0.936,0.325,0.794,0.279,0.923,0.307,0.864,0.432,0.717,0.431,0.682,0.618,0.737,0.614,0.713,0.813,0.732,0.794,0.706,0.843,0.68,0.826,0.664,0.851,0.874,0.833,0.85,0.186,0.704,0.195,0.685,0.19,0.694,0.142,0.723,0.147,0.708,0.144,0.716,0.084,0.776,0.114,0.802,0.133,0.786,0.046,0.743
0.098,0.829,0.083,0.794,0.084,0.79,0.084,0.787,0.084,0.791,0.085,0.784,0.086,0.778,0.097,0.75,0.099,0.738,0.114,0.816,0.116,0.813,0.174,0.726,0.205,0.671,0.295,0.654,0.329,0.593,0.308,0.911,0.325,0.851,0.28,0.946,0.323,0.834,0.272,0.939,0.312,0.849,0.279,0.926,0.307,0.867,0.43,0.719,0.429,0.679,0.616,0.741,0.614,0.713,0.812,0.733,0.794,0.708,0.843,0.681,0.826,0.664,0.852,0.874,0.835,0.849,0.184,0.708,0.195,0.689,0.19,0.698,0.141,0.729,0.147,0.714,0.144,0.721,0.084,0.787,0.115,0.814,0.132,0.8,0.045,0.751
0.103,0.841,0.085,0.801,0.085,0.796,0.086,0.792,0.086,0.796,0.086,0.789,0.087,0.782,0.098,0.758,0.099,0.745,0.118,0.821,0.12,0.817,0.173,0.733,0.206,0.669,0.29,0.665,0.329,0.594,0.306,0.911,0.336,0.836,0.28,0.946,0.354,0.769,0.271,0.94,0.344,0.804,0.279,0.927,0.319,0.864,0.431,0.73,0.429,0.682,0.616,0.749,0.614,0.72,0.813,0.735,0.795,0.711,0.843,0.681,0.827,0.666,0.851,0.876,0.834,0.85,0.184,0.712,0.195,0.69,0.19,0.701,0.141,0.735,0.147,0.718,0.144,0.726,0.085,0.792,0.119,0.819,0.135,0.797,0.042,0.758
0.103,0.842,0.085,0.806,0.085,0.801,0.085,0.798,0.086,0.802,0.086,0.795,0.086,0.788,0.097,0.763,0.098,0.751,0.118,0.825,0.119,0.822,0.172,0.738,0.205,0.679,0.288,0.664,0.329,0.596,0.306,0.911,0.336,0.836,0.282,0.944,0.34,0.828,0.273,0.94,0.333,0.848,0.279,0.927,0.321,0.865,0.429,0.733,0.428,0.686,0.613,0.75,0.613,0.721,0.812,0.736,0.796,0.713,0.843,0.683,0.827,0.667,0.85,0.879,0.834,0.851,0.183,0.718,0.194,0.699,0.188,0.708,0.14,0.741,0.146,0.725,0.143,0.733,0.085,0.798,0.118,0.823,0.134,0.805,0.043,0.765
0.102,0.859,0.084,0.824,0.085,0.819,0.084,0.815,0.085,0.821,0.085,0.814,0.085,0.808,0.096,0.777,0.097,0.767,0.118,0.843,0.119,0.841,0.172,0.748,0.204,0.692,0.287,0.664,0.325,0.601,0.305,0.912,0.336,0.836,0.281,0.945,0.336,0.846,0.272,0.941,0.33,0.863,0.279,0.929,0.32,0.866,0.429,0.74,0.428,0.695,0.614,0.756,0.613,0.725,0.813,0.738,0.797,0.715,0.844,0.684,0.827,0.669,0.851,0.88,0.835,0.852,0.183,0.729,0.193,0.711,0.188,0.72,0.139,0.753,0.145,0.739,0.142,0.746,0.085,0.816,0.118,0.842,0.135,0.825,0.041,0.783
0.102,0.862,0.085,0.823,0.085,0.818,0.085,0.813,0.085,0.819,0.085,0.812,0.085,0.805,0.096,0.776,0.097,0.766,0.118,0.843,0.119,0.84,0.172,0.75,0.205,0.691,0.287,0.665,0.327,0.6,0.305,0.913,0.354,0.765,0.281,0.946,0.355,0.778,0.272,0.942,0.347,0.811,0.278,0.93,0.343,0.809,0.429,0.74,0.428,0.693,0.612,0.759,0.611,0.73,0.812,0.739,0.797,0.717,0.844,0.685,0.827,0.671,0.851,0.88,0.835,0.852,0.183,0.73,0.194,0.711,0.188,0.72,0.14,0.753,0.146,0.738,0.143,0.746,0.085,0.815,0.118,0.841,0.135,0.821,0.041,0.781
0.099,0.866,0.082,0.831,0.082,0.826,0.082,0.822,0.082,0.828,0.083,0.821,0.083,0.815,0.094,0.784,0.095,0.775,0.115,0.849,0.116,0.847,0.171,0.762,0.205,0.697,0.285,0.669,0.328,0.6,0.305,0.913,0.367,0.742,0.281,0.942,0.369,0.748,0.273,0.94,0.362,0.783,0.279,0.928,0.36,0.783,0.429,0.747,0.428,0.697,0.611,0.763,0.61,0.735,0.811,0.739,0.797,0.722,0.842,0.686,0.827,0.675,0.852,0.88,0.837,0.856,0.182,0.74,0.194,0.719,0.188,0.73,0.138,0.762,0.144,0.747,0.141,0.754,0.082,0.823,0.116,0.848,0.132,0.83,0.04,0.792
0.099,0.872,0.082,0.833,0.082,0.828,0.082,0.824,0.082,0.83,0.082,0.824,0.082,0.817,0.094,0.786,0.095,0.778,0.115,0.854,0.116,0.852,0.171,0.764,0.205,0.702,0.284,0.669,0.328,0.599,0.303,0.916,0.362,0.736,0.277,0.946,0.361,0.743,0.269,0.942,0.352,0.778,0.276,0.932,0.351,0.779,0.429,0.75,0.428,0.702,0.612,0.765,0.611,0.738,0.811,0.74,0.797,0.722,0.842,0.687,0.827,0.676,0.852,0.88,0.837,0.856,0.182,0.743,0.194,0.723,0.188,0.733,0.138,0.765,0.144,0.75,0.141,0.758,0.082,0.826,0.116,0.853,0.132,0.834,0.038,0.791
0.094,0.873,0.079,0.838,0.079,0.833,0.08,0.828,0.079,0.838,0.08,0.832,0.08,0.827,0.093,0.79,0.093,0.787,0.112,0.857,0.113,0.858,0.171,0.772,0.205,0.71,0.281,0.669,0.326,0.6,0.304,0.916,0.359,0.769,0.277,0.943,0.355,0.751,0.27,0.94,0.347,0.785,0.276,0.93,0.346,0.788,0.428,0.754,0.428,0.709,0.612,0.767,0.611,0.739,0.811,0.74,0.797,0.724,0.841,0.688,0.827,0.677,0.852,0.879,0.838,0.856,0.182,0.751,0.194,0.731,0.188,0.741,0.138,0.771,0.143,0.759,0.14,0.765,0.08,0.832,0.112,0.857,0.131,0.842,0.037,0.8
0.089,0.873,0.076,0.842,0.077,0.837,0.077,0.833,0.076,0.841,0.077,0.836,0.078,0.831,0.092,0.796,0.092,0.793,0.108,0.858,0.11,0.859,0.17,0.783,0.205,0.711,0.278,0.669,0.324,0.597,0.303,0.915,0.372,0.727,0.277,0.94,0.375,0.725,0.27,0.938,0.368,0.758,0.276,0.928,0.366,0.76,0.428,0.761,0.428,0.713,0.612,0.768,0.611,0.739,0.811,0.741,0.797,0.725,0.841,0.688,0.827,0.678,0.853,0.878,0.839,0.856,0.182,0.759,0.193,0.735,0.188,0.747,0.137,0.778,0.143,0.764,0.14,0.771,0.077,0.836,0.109,0.858,0.129,0.844,0.035,0.808
0.088,0.87,0.075,0.839,0.076,0.835,0.077,0.83,0.076,0.838,0.076,0.833,0.077,0.828,0.092,0.796,0.092,0.792,0.107,0.857,0.108,0.857,0.169,0.787,0.205,0.716,0.276,0.669,0.32,0.6,0.303,0.914,0.361,0.759,0.28,0.939,0.366,0.74,0.271,0.935,0.359,0.769,0.277,0.926,0.358,0.774,0.428,0.764,0.428,0.716,0.612,0.769,0.611,0.744,0.81,0.741,0.797,0.726,0.841,0.688,0.826,0.679,0.854,0.878,0.839,0.856,0.181,0.763,0.193,0.74,0.187,0.752,0.136,0.78,0.143,0.766,0.14,0.773,0.076,0.834,0.108,0.857,0.127,0.844,0.035,0.804
0.088,0.871,0.075,0.84,0.076,0.836,0.077,0.832,0.076,0.839,0.076,0.833,0.077,0.828,0.092,0.799,0.091,0.793,0.107,0.858,0.108,0.858,0.17,0.788,0.205,0.716,0.276,0.667,0.319,0.6,0.303,0.914,0.359,0.75,0.28,0.939,0.362,0.747,0.271,0.936,0.355,0.775,0.277,0.926,0.354,0.78,0.427,0.765,0.428,0.717,0.612,0.769,0.611,0.743,0.81,0.741,0.797,0.727,0.84,0.688,0.826,0.68,0.856,0.877,0.84,0.857,0.182,0.764,0.193,0.74,0.188,0.752,0.137,0.782,0.142,0.766,0.14,0.774,0.076,0.834,0.108,0.858,0.127,0.845,0.035,0.804
0.088,0.872,0.076,0.843,0.076,0.839,0.077,0.835,0.076,0.842,0.077,0.838,0.077,0.833,0.092,0.803,0.092,0.799,0.107,0.86,0.108,0.86,0.169,0.789,0.205,0.719,0.276,0.666,0.316,0.606,0.302,0.915,0.341,0.8,0.278,0.94,0.333,0.788,0.27,0.936,0.324,0.823,0.275,0.927,0.325,0.825,0.427,0.765,0.428,0.721,0.612,0.77,0.611,0.744,0.809,0.741,0.796,0.727,0.838,0.688,0.825,0.68,0.857,0.877,0.842,0.856,0.181,0.766,0.193,0.742,0.187,0.754,0.136,0.784,0.143,0.771,0.14,0.778,0.076,0.838,0.108,0.86,0.127,0.848,0.036,0.811
0.089,0.875,0.076,0.845,0.076,0.841,0.077,0.837,0.076,0.845,0.077,0.841,0.077,0.836,0.092,0.805,0.092,0.801,0.107,0.862,0.108,0.863,0.17,0.79,0.205,0.722,0.275,0.664,0.313,0.628,0.302,0.915,0.332,0.82,0.278,0.94,0.327,0.823,0.269,0.936,0.318,0.86,0.275,0.927,0.32,0.86,0.427,0.767,0.428,0.724,0.613,0.769,0.612,0.744,0.808,0.741,0.795,0.727,0.838,0.688,0.824,0.68,0.857,0.875,0.841,0.852,0.182,0.767,0.193,0.745,0.188,0.756,0.137,0.786,0.143,0.773,0.14,0.78,0.076,0.841,0.108,0.862,0.126,0.85,0.036,0.813
0.089,0.877,0.076,0.848,0.077,0.843,0.077,0.839,0.076,0.848,0.077,0.844,0.077,0.839,0.092,0.806,0.091,0.804,0.107,0.864,0.108,0.866,0.17,0.792,0.204,0.727,0.275,0.664,0.308,0.642,0.302,0.915,0.327,0.827,0.277,0.94,0.315,0.841,0.268,0.936,0.307,0.878,0.274,0.927,0.31,0.878,0.427,0.772,0.427,0.728,0.614,0.769,0.614,0.743,0.808,0.741,0.795,0.727,0.838,0.689,0.824,0.68,0.857,0.873,0.84,0.848,0.181,0.77,0.193,0.749,0.187,0.76,0.137,0.788,0.142,0.776,0.139,0.782,0.077,0.843,0.108,0.865,0.126,0.853,0.037,0.816
0.086,0.876,0.075,0.847,0.075,0.843,0.076,0.839,0.075,0.847,0.076,0.843,0.076,0.838,0.091,0.806,0.091,0.803,0.105,0.863,0.106,0.865,0.169,0.795,0.203,0.728,0.274,0.663,0.303,0.642,0.302,0.915,0.327,0.828,0.278,0.94,0.314,0.843,0.268,0.936,0.306,0.878,0.274,0.927,0.309,0.866,0.426,0.773,0.425,0.727,0.611,0.771,0.612,0.743,0.808,0.742,0.795,0.727,0.838,0.689,0.824,0.68,0.856,0.873,0.838,0.846,0.18,0.773,0.192,0.75,0.186,0.762,0.136,0.789,0.141,0.777,0.138,0.783,0.076,0.843,0.106,0.864,0.125,0.852,0.036,0.816
0.085,0.876,0.074,0.848,0.075,0.844,0.075,0.84,0.074,0.848,0.075,0.844,0.076,0.839,0.091,0.808,0.09,0.807,0.104,0.864,0.105,0.865,0.169,0.798,0.201,0.729,0.274,0.664,0.301,0.645,0.302,0.915,0.326,0.832,0.279,0.94,0.316,0.845,0.269,0.936,0.309,0.88,0.275,0.927,0.309,0.862,0.424,0.774,0.424,0.726,0.609,0.774,0.61,0.745,0.807,0.742,0.795,0.727,0.838,0.689,0.824,0.679,0.855,0.873,0.836,0.845,0.18,0.775,0.19,0.752,0.185,0.764,0.135,0.792,0.14,0.78,0.138,0.786,0.075,0.844,0.104,0.864,0.124,0.853,0.037,0.817
0.083,0.877,0.073,0.849,0.074,0.845,0.074,0.841,0.073,0.849,0.074,0.844,0.075,0.84,0.09,0.81,0.09,0.808,0.102,0.865,0.103,0.867,0.169,0.8,0.201,0.729,0.273,0.664,0.301,0.643,0.302,0.915,0.325,0.832,0.279,0.94,0.315,0.846,0.269,0.936,0.308,0.881,0.275,0.927,0.307,0.861,0.424,0.774,0.423,0.726,0.608,0.775,0.609,0.747,0.807,0.742,0.794,0.727,0.838,0.688,0.824,0.679,0.855,0.873,0.835,0.845,0.18,0.776,0.19,0.753,0.185,0.764,0.135,0.793,0.14,0.78,0.138,0.787,0.074,0.844,0.102,0.866,0.122,0.855,0.037,0.817
0.083,0.877,0.073,0.848,0.073,0.844,0.074,0.841,0.073,0.848,0.074,0.844,0.074,0.84,0.09,0.81,0.089,0.807,0.101,0.866,0.102,0.868,0.168,0.802,0.2,0.729,0.272,0.663,0.301,0.644,0.302,0.915,0.323,0.833,0.279,0.939,0.308,0.848,0.27,0.936,0.303,0.874,0.275,0.927,0.306,0.86,0.423,0.777,0.423,0.726,0.608,0.775,0.609,0.748,0.807,0.742,0.794,0.727,0.838,0.689,0.824,0.68,0.853,0.872,0.835,0.845,0.179,0.778,0.189,0.753,0.184,0.766,0.134,0.794,0.139,0.78,0.137,0.787,0.074,0.844,0.102,0.867,0.12,0.857,0.037,0.814
0.08,0.876,0.071,0.848,0.071,0.844,0.072,0.84,0.071,0.848,0.072,0.843,0.073,0.839,0.089,0.81,0.089,0.807,0.099,0.867,0.1,0.869,0.168,0.804,0.2,0.729,0.271,0.663,0.301,0.644,0.302,0.915,0.322,0.834,0.279,0.939,0.306,0.85,0.27,0.936,0.301,0.871,0.275,0.927,0.305,0.862,0.423,0.778,0.422,0.726,0.608,0.775,0.608,0.748,0.806,0.742,0.793,0.727,0.838,0.688,0.824,0.68,0.852,0.872,0.834,0.846,0.179,0.779,0.189,0.754,0.184,0.766,0.134,0.794,0.139,0.78,0.136,0.788,0.072,0.843,0.1,0.868,0.119,0.86,0.035,0.812
0.079,0.875,0.07,0.848,0.071,0.844,0.072,0.84,0.071,0.847,0.072,0.843,0.072,0.839,0.089,0.81,0.089,0.806,0.098,0.867,0.1,0.868,0.168,0.806,0.2,0.729,0.271,0.663,0.3,0.643,0.302,0.914,0.321,0.835,0.279,0.939,0.305,0.85,0.27,0.935,0.3,0.869,0.275,0.926,0.305,0.861,0.423,0.779,0.422,0.727,0.607,0.776,0.608,0.749,0.805,0.742,0.792,0.728,0.838,0.688,0.824,0.68,0.851,0.872,0.832,0.846,0.179,0.78,0.189,0.755,0.184,0.768,0.134,0.795,0.139,0.78,0.136,0.788,0.072,0.843,0.099,0.867,0.119,0.86,0.036,0.812
0.078,0.875,0.069,0.848,0.07,0.844,0.071,0.84,0.07,0.847,0.071,0.843,0.072,0.839,0.089,0.809,0.088,0.806,0.097,0.867,0.099,0.868,0.168,0.807,0.2,0.729,0.27,0.662,0.301,0.635,0.302,0.914,0.321,0.834,0.279,0.939,0.305,0.848,0.269,0.935,0.3,0.868,0.275,0.926,0.305,0.86,0.423,0.78,0.422,0.728,0.607,0.776,0.608,0.751,0.805,0.742,0.79,0.728,0.837,0.688,0.823,0.68,0.85,0.873,0.832,0.846,0.179,0.781,0.189,0.755,0.184,0.768,0.134,0.795,0.139,0.78,0.136,0.788,0.07,0.843,0.098,0.867,0.118,0.86,0.035,0.812
0.079,0.875,0.069,0.847,0.07,0.843,0.071,0.84,0.07,0.847,0.071,0.843,0.072,0.838,0.089,0.81,0.088,0.806,0.097,0.867,0.099,0.868,0.167,0.808,0.2,0.729,0.27,0.662,0.301,0.63,0.302,0.913,0.322,0.834,0.279,0.938,0.306,0.849,0.269,0.935,0.3,0.867,0.274,0.926,0.305,0.86,0.423,0.781,0.422,0.729,0.607,0.778,0.608,0.752,0.804,0.742,0.79,0.729,0.837,0.688,0.823,0.68,0.85,0.873,0.832,0.847,0.178,0.782,0.189,0.755,0.184,0.768,0.134,0.796,0.138,0.781,0.136,0.788,0.07,0.843,0.098,0.867,0.117,0.86,0.035,0.811
0.076,0.875,0.067,0.848,0.068,0.844,0.069,0.84,0.067,0.847,0.068,0.843,0.07,0.838,0.087,0.81,0.087,0.806,0.095,0.867,0.096,0.868,0.166,0.81,0.199,0.729,0.27,0.661,0.301,0.626,0.302,0.913,0.322,0.834,0.279,0.938,0.306,0.848,0.269,0.935,0.301,0.866,0.275,0.926,0.305,0.86,0.423,0.782,0.422,0.729,0.607,0.78,0.608,0.754,0.804,0.743,0.79,0.729,0.836,0.689,0.822,0.681,0.851,0.873,0.833,0.847,0.177,0.783,0.188,0.756,0.182,0.77,0.132,0.796,0.138,0.781,0.135,0.789,0.068,0.843,0.096,0.867,0.115,0.86,0.032,0.812
0.075,0.876,0.066,0.849,0.067,0.846,0.068,0.842,0.067,0.848,0.068,0.844,0.069,0.839,0.086,0.812,0.086,0.806,0.094,0.868,0.096,0.869,0.165,0.811,0.199,0.729,0.27,0.661,0.302,0.624,0.302,0.913,0.322,0.833,0.279,0.938,0.306,0.847,0.269,0.935,0.302,0.866,0.275,0.926,0.306,0.86,0.423,0.783,0.422,0.731,0.606,0.781,0.608,0.754,0.804,0.743,0.79,0.729,0.834,0.69,0.821,0.681,0.851,0.873,0.834,0.847,0.176,0.784,0.188,0.756,0.182,0.77,0.131,0.798,0.137,0.781,0.134,0.79,0.068,0.845,0.095,0.868,0.115,0.861,0.032,0.814
0.075,0.876,0.066,0.85,0.067,0.846,0.068,0.843,0.066,0.849,0.067,0.844,0.069,0.839,0.086,0.813,0.086,0.807,0.094,0.868,0.096,0.869,0.165,0.813,0.198,0.73,0.27,0.661,0.302,0.623,0.302,0.913,0.323,0.833,0.279,0.938,0.308,0.847,0.269,0.935,0.302,0.865,0.275,0.926,0.307,0.859,0.423,0.786,0.422,0.733,0.606,0.781,0.609,0.754,0.804,0.743,0.79,0.729,0.833,0.69,0.821,0.681,0.851,0.873,0.834,0.847,0.176,0.785,0.187,0.758,0.182,0.772,0.131,0.799,0.136,0.782,0.134,0.791,0.067,0.845,0.095,0.868,0.115,0.861,0.031,0.814
0.075,0.876,0.066,0.85,0.067,0.846,0.068,0.843,0.066,0.849,0.068,0.844,0.069,0.839,0.086,0.813,0.086,0.807,0.094,0.868,0.096,0.869,0.165,0.813,0.197,0.73,0.27,0.661,0.301,0.623,0.303,0.913,0.323,0.833,0.279,0.938,0.308,0.848,0.269,0.935,0.303,0.864,0.275,0.926,0.307,0.859,0.423,0.787,0.422,0.733,0.606,0.782,0.608,0.756,0.804,0.744,0.79,0.73,0.833,0.69,0.821,0.681,0.851,0.873,0.834,0.848,0.176,0.785,0.186,0.758,0.181,0.772,0.131,0.799,0.136,0.782,0.134,0.791,0.068,0.845,0.095,0.868,0.115,0.861,0.032,0.814
0.076,0.876,0.066,0.85,0.067,0.846,0.068,0.843,0.066,0.848,0.068,0.844,0.069,0.839,0.086,0.813,0.086,0.807,0.094,0.869,0.096,0.869,0.165,0.813,0.197,0.731,0.27,0.66,0.301,0.623,0.303,0.913,0.324,0.834,0.279,0.939,0.309,0.848,0.269,0.935,0.303,0.864,0.275,0.926,0.307,0.859,0.423,0.788,0.422,0.735,0.605,0.783,0.608,0.757,0.804,0.744,0.79,0.73,0.833,0.691,0.821,0.682,0.85,0.873,0.834,0.849,0.176,0.786,0.186,0.758,0.181,0.772,0.131,0.799,0.136,0.783,0.134,0.791,0.068,0.845,0.095,0.869,0.114,0.862,0.032,0.814
0.076,0.876,0.066,0.85,0.067,0.846,0.068,0.843,0.067,0.849,0.068,0.844,0.069,0.839,0.086,0.814,0.086,0.807,0.094,0.869,0.096,0.869,0.165,0.813,0.197,0.732,0.27,0.66,0.301,0.623,0.303,0.913,0.323,0.834,0.278,0.939,0.307,0.849,0.269,0.935,0.302,0.864,0.275,0.926,0.307,0.859,0.423,0.788,0.422,0.736,0.605,0.783,0.608,0.759,0.803,0.745,0.79,0.731,0.833,0.691,0.821,0.682,0.85,0.873,0.834,0.85,0.176,0.786,0.186,0.759,0.181,0.772,0.131,0.8,0.136,0.783,0.134,0.791,0.068,0.845,0.095,0.869,0.114,0.862,0.032,0.814
0.076,0.877,0.066,0.85,0.067,0.846,0.068,0.843,0.067,0.849,0.068,0.844,0.069,0.84,0.086,0.814,0.086,0.807,0.094,0.869,0.096,0.87,0.165,0.813,0.197,0.732,0.27,0.66,0.301,0.623,0.302,0.914,0.323,0.835,0.277,0.939,0.306,0.849,0.268,0.935,0.301,0.863,0.274,0.926,0.306,0.86,0.423,0.787,0.422,0.737,0.605,0.784,0.607,0.76,0.803,0.745,0.79,0.732,0.832,0.691,0.821,0.682,0.85,0.871,0.835,0.85,0.176,0.786,0.186,0.759,0.181,0.772,0.131,0.8,0.136,0.783,0.134,0.791,0.068,0.845,0.095,0.869,0.114,0.862,0.032,0.813
0.076,0.877,0.066,0.85,0.067,0.846,0.068,0.843,0.067,0.849,0.068,0.844,0.069,0.84,0.086,0.814,0.086,0.807,0.095,0.869,0.096,0.87,0.165,0.813,0.197,0.732,0.27,0.661,0.301,0.625,0.302,0.914,0.322,0.836,0.277,0.939,0.305,0.85,0.268,0.935,0.3,0.863,0.274,0.926,0.305,0.86,0.423,0.787,0.422,0.738,0.604,0.785,0.607,0.762,0.802,0.745,0.79,0.733,0.831,0.691,0.821,0.682,0.851,0.868,0.836,0.849,0.176,0.786,0.186,0.759,0.181,0.772,0.131,0.8,0.136,0.783,0.134,0.791,0.068,0.845,0.096,0.869,0.115,0.862,0.031,0.813
0.076,0.877,0.066,0.85,0.067,0.846,0.068,0.843,0.067,0.849,0.068,0.844,0.069,0.839,0.086,0.814,0.086,0.807,0.095,0.869,0.096,0.87,0.166,0.813,0.197,0.732,0.27,0.661,0.301,0.626,0.302,0.914,0.322,0.837,0.277,0.939,0.305,0.851,0.268,0.935,0.3,0.864,0.274,0.926,0.305,0.861,0.423,0.787,0.423,0.738,0.604,0.785,0.607,0.762,0.802,0.745,0.79,0.733,0.83,0.691,0.82,0.682,0.853,0.867,0.838,0.849,0.176,0.786,0.187,0.759,0.182,0.772,0.131,0.8,0.136,0.783,0.134,0.791,0.068,0.845,0.096,0.869,0.115,0.862,0.031,0.813
0.076,0.877,0.067,0.85,0.068,0.846,0.069,0.843,0.067,0.849,0.068,0.844,0.069,0.839,0.086,0.814,0.086,0.807,0.095,0.869,0.096,0.87,0.166,0.813,0.197,0.732,0.271,0.661,0.3,0.627,0.302,0.914,0.321,0.838,0.277,0.939,0.304,0.852,0.268,0.935,0.299,0.864,0.274,0.926,0.305,0.861,0.423,0.787,0.423,0.739,0.605,0.786,0.607,0.763,0.801,0.746,0.789,0.734,0.829,0.691,0.82,0.683,0.854,0.867,0.838,0.849,0.176,0.786,0.187,0.759,0.182,0.772,0.131,0.8,0.136,0.783,0.134,0.791,0.068,0.845,0.096,0.869,0.115,0.862,0.032,0.813
0.077,0.877,0.067,0.85,0.068,0.846,0.069,0.843,0.068,0.849,0.069,0.844,0.069,0.84,0.086,0.814,0.086,0.808,0.096,0.869,0.097,0.87,0.166,0.813,0.197,0.733,0.271,0.661,0.3,0.627,0.302,0.914,0.321,0.838,0.277,0.939,0.304,0.853,0.268,0.936,0.298,0.865,0.274,0.926,0.304,0.862,0.423,0.787,0.423,0.739,0.605,0.787,0.607,0.763,0.8,0.746,0.789,0.735,0.829,0.691,0.819,0.684,0.854,0.867,0.838,0.85,0.176,0.786,0.187,0.76,0.182,0.773,0.131,0.8,0.136,0.784,0.134,0.792,0.068,0.845,0.096,0.869,0.116,0.862,0.032,0.813
0.077,0.877,0.067,0.85,0.068,0.846,0.069,0.843,0.068,0.849,0.069,0.844,0.07,0.84,0.086,0.814,0.086,0.808,0.096,0.869,0.097,0.87,0.166,0.813,0.197,0.733,0.271,0.662,0.3,0.627,0.302,0.914,0.321,0.839,0.277,0.94,0.304,0.854,0.268,0.936,0.298,0.865,0.274,0.926,0.304,0.862,0.423,0.788,0.423,0.739,0.605,0.787,0.607,0.764,0.8,0.746,0.789,0.735,0.829,0.691,0.819,0.684,0.854,0.867,0.838,0.851,0.176,0.786,0.187,0.76,0.182,0.773,0.131,0.8,0.136,0.784,0.134,0.792,0.068,0.845,0.096,0.869,0.116,0.862,0.032,0.813
0.078,0.877,0.068,0.85,0.068,0.846,0.069,0.843,0.068,0.849,0.069,0.844,0.07,0.84,0.086,0.814,0.086,0.808,0.096,0.869,0.097,0.87,0.166,0.813,0.197,0.733,0.272,0.662,0.301,0.627,0.302,0.914,0.321,0.839,0.277,0.94,0.304,0.854,0.268,0.936,0.298,0.865,0.274,0.926,0.304,0.862,0.423,0.788,0.423,0.739,0.605,0.788,0.607,0.764,0.8,0.746,0.79,0.735,0.829,0.691,0.819,0.685,0.854,0.867,0.839,0.851,0.176,0.786,0.187,0.76,0.182,0.773,0.131,0.8,0.136,0.784,0.134,0.792,0.068,0.845,0.096,0.869,0.115,0.862,0.032,0.813
0.079,0.878,0.068,0.85,0.069,0.846,0.07,0.843,0.069,0.849,0.07,0.844,0.07,0.84,0.086,0.814,0.086,0.808,0.097,0.869,0.098,0.87,0.166,0.813,0.197,0.733,0.272,0.663,0.301,0.627,0.302,0.914,0.321,0.839,0.277,0.94,0.304,0.854,0.268,0.936,0.298,0.865,0.274,0.926,0.304,0.862,0.423,0.788,0.423,0.739,0.605,0.788,0.607,0.764,0.8,0.747,0.79,0.736,0.829,0.691,0.819,0.685,0.855,0.866,0.839,0.851,0.176,0.786,0.187,0.76,0.182,0.773,0.131,0.8,0.136,0.784,0.134,0.792,0.07,0.845,0.098,0.869,0.116,0.861,0.033,0.813
0.08,0.878,0.069,0.85,0.07,0.846,0.071,0.843,0.07,0.849,0.07,0.844,0.071,0.84,0.087,0.814,0.086,0.808,0.099,0.869,0.1,0.87,0.166,0.814,0.197,0.733,0.272,0.663,0.301,0.627,0.302,0.914,0.321,0.839,0.277,0.94,0.304,0.854,0.268,0.936,0.298,0.865,0.274,0.926,0.304,0.862,0.423,0.788,0.423,0.739,0.605,0.788,0.607,0.764,0.8,0.747,0.79,0.736,0.829,0.691,0.819,0.685,0.855,0.865,0.839,0.851,0.176,0.787,0.187,0.76,0.182,0.774,0.132,0.8,0.136,0.784,0.134,0.792,0.07,0.845,0.1,0.869,0.119,0.861,0.032,0.813
0.081,0.879,0.069,0.85,0.07,0.847,0.071,0.843,0.07,0.849,0.071,0.845,0.071,0.84,0.087,0.814,0.086,0.808,0.099,0.87,0.1,0.871,0.166,0.814,0.197,0.733,0.272,0.664,0.301,0.627,0.302,0.914,0.321,0.839,0.277,0.94,0.304,0.854,0.268,0.936,0.299,0.865,0.275,0.926,0.304,0.863,0.423,0.788,0.423,0.739,0.605,0.789,0.607,0.765,0.8,0.747,0.789,0.736,0.829,0.691,0.819,0.685,0.855,0.864,0.839,0.851,0.176,0.787,0.187,0.76,0.182,0.774,0.132,0.8,0.136,0.784,0.134,0.792,0.07,0.846,0.1,0.87,0.118,0.862,0.033,0.814
0.081,0.879,0.07,0.851,0.07,0.847,0.071,0.844,0.07,0.85,0.071,0.845,0.072,0.84,0.087,0.815,0.086,0.808,0.099,0.87,0.1,0.871,0.166,0.814,0.197,0.733,0.272,0.664,0.301,0.627,0.303,0.914,0.321,0.839,0.277,0.94,0.304,0.854,0.269,0.936,0.299,0.865,0.275,0.926,0.305,0.863,0.423,0.788,0.423,0.739,0.605,0.789,0.607,0.765,0.8,0.747,0.789,0.736,0.829,0.691,0.82,0.685,0.856,0.864,0.839,0.85,0.176,0.787,0.187,0.76,0.182,0.774,0.132,0.801,0.136,0.784,0.134,0.792,0.07,0.846,0.1,0.87,0.118,0.862,0.033,0.814
0.082,0.88,0.07,0.851,0.071,0.847,0.071,0.844,0.071,0.85,0.071,0.845,0.072,0.841,0.087,0.815,0.087,0.809,0.1,0.87,0.101,0.871,0.166,0.814,0.197,0.733,0.272,0.665,0.301,0.627,0.303,0.914,0.321,0.839,0.277,0.939,0.304,0.854,0.269,0.936,0.299,0.865,0.275,0.926,0.305,0.863,0.423,0.788,0.423,0.74,0.605,0.789,0.607,0.765,0.8,0.746,0.789,0.736,0.829,0.691,0.82,0.685,0.856,0.863,0.839,0.85,0.176,0.787,0.187,0.76,0.182,0.774,0.132,0.801,0.137,0.784,0.134,0.793,0.071,0.846,0.1,0.87,0.119,0.861,0.033,0.814
0.082,0.88,0.07,0.852,0.071,0.848,0.072,0.844,0.071,0.85,0.072,0.846,0.072,0.841,0.087,0.815,0.087,0.809,0.1,0.87,0.101,0.871,0.166,0.815,0.197,0.733,0.272,0.665,0.301,0.627,0.303,0.914,0.321,0.838,0.277,0.939,0.304,0.854,0.269,0.936,0.299,0.865,0.275,0.926,0.305,0.863,0.423,0.789,0.423,0.74,0.605,0.789,0.607,0.765,0.8,0.746,0.789,0.736,0.829,0.69,0.82,0.685,0.856,0.863,0.839,0.85,0.176,0.788,0.187,0.76,0.182,0.774,0.132,0.801,0.137,0.785,0.134,0.793,0.072,0.847,0.1,0.87,0.119,0.861,0.034,0.816
0.082,0.88,0.071,0.852,0.071,0.848,0.072,0.844,0.071,0.85,0.072,0.846,0.073,0.841,0.087,0.815,0.087,0.809,0.1,0.87,0.102,0.871,0.166,0.815,0.197,0.733,0.272,0.665,0.301,0.627,0.303,0.914,0.321,0.838,0.277,0.939,0.305,0.854,0.269,0.936,0.299,0.865,0.275,0.926,0.305,0.863,0.423,0.789,0.423,0.74,0.606,0.79,0.607,0.765,0.8,0.746,0.789,0.736,0.829,0.69,0.82,0.685,0.856,0.863,0.84,0.85,0.176,0.788,0.187,0.76,0.182,0.774,0.132,0.801,0.137,0.785,0.134,0.793,0.072,0.847,0.101,0.87,0.12,0.861,0.033,0.816
0.083,0.881,0.071,0.852,0.071,0.848,0.072,0.845,0.071,0.851,0.072,0.846,0.073,0.841,0.087,0.816,0.087,0.809,0.101,0.87,0.102,0.871,0.166,0.815,0.197,0.733,0.272,0.666,0.301,0.627,0.303,0.914,0.321,0.838,0.278,0.939,0.305,0.854,0.269,0.935,0.299,0.865,0.275,0.926,0.305,0.863,0.423,0.789,0.423,0.74,0.606,0.79,0.607,0.765,0.8,0.746,0.789,0.736,0.829,0.69,0.82,0.685,0.856,0.863,0.84,0.85,0.176,0.788,0.187,0.76,0.182,0.774,0.132,0.802,0.137,0.785,0.134,0.793,0.072,0.847,0.102,0.87,0.12,0.86,0.032,0.816
0.083,0.882,0.071,0.852,0.072,0.849,0.072,0.845,0.072,0.851,0.072,0.846,0.073,0.842,0.087,0.816,0.087,0.81,0.101,0.871,0.102,0.871,0.166,0.815,0.197,0.733,0.272,0.667,0.3,0.627,0.303,0.914,0.321,0.838,0.278,0.939,0.305,0.854,0.269,0.935,0.299,0.865,0.275,0.926,0.305,0.863,0.423,0.789,0.423,0.74,0.606,0.79,0.608,0.765,0.8,0.746,0.789,0.736,0.829,0.69,0.82,0.684,0.856,0.863,0.84,0.85,0.176,0.788,0.187,0.76,0.182,0.774,0.132,0.802,0.137,0.785,0.134,0.794,0.072,0.847,0.102,0.871,0.12,0.86,0.034,0.817
0.083,0.882,0.071,0.853,0.072,0.849,0.072,0.846,0.072,0.851,0.073,0.847,0.073,0.842,0.087,0.816,0.087,0.81,0.101,0.871,0.102,0.872,0.166,0.815,0.197,0.733,0.271,0.667,0.3,0.628,0.303,0.914,0.321,0.838,0.278,0.939,0.305,0.854,0.269,0.935,0.299,0.865,0.275,0.926,0.305,0.863,0.423,0.79,0.423,0.74,0.607,0.79,0.608,0.765,0.8,0.746,0.789,0.736,0.829,0.689,0.82,0.683,0.856,0.863,0.84,0.851,0.176,0.788,0.187,0.76,0.182,0.774,0.132,0.802,0.137,0.785,0.134,0.794,0.072,0.848,0.102,0.871,0.12,0.861,0.035,0.817
0.084,0.883,0.072,0.854,0.072,0.85,0.073,0.847,0.072,0.853,0.073,0.848,0.073,0.843,0.087,0.817,0.087,0.81,0.101,0.872,0.102,0.872,0.166,0.815,0.197,0.733,0.271,0.668,0.3,0.628,0.303,0.914,0.321,0.839,0.278,0.939,0.305,0.854,0.269,0.935,0.299,0.865,0.275,0.926,0.305,0.863,0.424,0.79,0.424,0.741,0.607,0.79,0.608,0.765,0.8,0.746,0.789,0.736,0.829,0.689,0.82,0.682,0.856,0.863,0.84,0.851,0.176,0.788,0.187,0.76,0.182,0.774,0.132,0.802,0.137,0.785,0.134,0.794,0.072,0.849,0.102,0.872,0.119,0.861,0.035,0.819
0.084,0.884,0.072,0.855,0.072,0.851,0.073,0.848,0.072,0.853,0.073,0.848,0.073,0.843,0.087,0.818,0.087,0.811,0.101,0.872,0.103,0.872,0.166,0.815,0.197,0.733,0.27,0.669,0.3,0.628,0.303,0.915,0.321,0.839,0.278,0.94,0.305,0.854,0.269,0.935,0.299,0.865,0.275,0.926,0.305,0.863,0.424,0.791,0.424,0.742,0.607,0.79,0.608,0.765,0.799,0.746,0.789,0.736,0.829,0.688,0.82,0.682,0.857,0.863,0.841,0.85,0.176,0.788,0.187,0.76,0.182,0.774,0.132,0.803,0.137,0.786,0.134,0.794,0.072,0.849,0.102,0.872,0.12,0.86,0.034,0.82
0.084,0.885,0.072,0.856,0.072,0.852,0.073,0.849,0.072,0.854,0.073,0.849,0.073,0.843,0.087,0.819,0.087,0.811,0.101,0.872,0.103,0.872,0.166,0.815,0.197,0.733,0.269,0.67,0.3,0.628,0.303,0.915,0.321,0.839,0.278,0.94,0.304,0.854,0.269,0.935,0.299,0.865,0.275,0.926,0.304,0.863,0.424,0.791,0.424,0.742,0.607,0.79,0.608,0.765,0.799,0.746,0.789,0.736,0.829,0.688,0.82,0.682,0.857,0.864,0.841,0.85,0.176,0.788,0.187,0.76,0.182,0.774,0.132,0.803,0.137,0.786,0.134,0.794,0.072,0.85,0.102,0.872,0.12,0.859,0.034,0.823
0.084,0.885,0.072,0.857,0.072,0.853,0.073,0.849,0.072,0.854,0.073,0.849,0.074,0.844,0.087,0.819,0.087,0.811,0.102,0.873,0.103,0.873,0.166,0.815,0.197,0.733,0.269,0.671,0.3,0.629,0.303,0.915,0.32,0.839,0.278,0.94,0.304,0.854,0.269,0.935,0.299,0.865,0.275,0.926,0.304,0.863,0.424,0.791,0.424,0.742,0.607,0.79,0.608,0.766,0.799,0.746,0.789,0.736,0.829,0.687,0.82,0.682,0.857,0.864,0.841,0.851,0.176,0.788,0.187,0.76,0.182,0.774,0.132,0.803,0.137,0.786,0.134,0.794,0.072,0.851,0.102,0.873,0.121,0.861,0.033,0.822
0.085,0.886,0.072,0.858,0.073,0.854,0.073,0.851,0.073,0.855,0.073,0.85,0.074,0.845,0.087,0.821,0.087,0.812,0.102,0.874,0.103,0.873,0.166,0.815,0.197,0.733,0.268,0.671,0.3,0.629,0.302,0.914,0.32,0.839,0.278,0.939,0.304,0.854,0.269,0.935,0.299,0.865,0.275,0.926,0.304,0.863,0.424,0.791,0.424,0.742,0.607,0.791,0.608,0.766,0.799,0.746,0.789,0.736,0.829,0.687,0.82,0.682,0.857,0.864,0.842,0.851,0.176,0.788,0.187,0.76,0.182,0.774,0.132,0.804,0.137,0.786,0.134,0.795,0.073,0.852,0.102,0.874,0.12,0.861,0.035,0.824
0.085,0.887,0.072,0.859,0.073,0.855,0.073,0.852,0.073,0.856,0.073,0.851,0.074,0.845,0.087,0.821,0.087,0.812,0.102,0.874,0.103,0.874,0.166,0.815,0.197,0.733,0.268,0.671,0.3,0.629,0.302,0.914,0.32,0.839,0.278,0.939,0.304,0.854,0.269,0.935,0.298,0.866,0.275,0.926,0.304,0.863,0.424,0.791,0.424,0.742,0.607,0.791,0.608,0.766,0.799,0.746,0.789,0.736,0.829,0.686,0.82,0.682,0.857,0.865,0.842,0.851,0.176,0.788,0.187,0.76,0.182,0.774,0.132,0.804,0.137,0.786,0.134,0.795,0.073,0.853,0.102,0.874,0.12,0.861,0.035,0.826
0.085,0.887,0.072,0.859,0.073,0.855,0.073,0.852,0.073,0.856,0.073,0.851,0.074,0.845,0.087,0.821,0.087,0.812,0.102,0.874,0.103,0.874,0.166,0.814,0.197,0.733,0.268,0.671,0.3,0.63,0.302,0.914,0.32,0.839,0.278,0.939,0.303,0.854,0.269,0.935,0.298,0.866,0.275,0.926,0.303,0.863,0.424,0.791,0.424,0.742,0.606,0.791,0.608,0.766,0.799,0.746,0.789,0.736,0.829,0.686,0.82,0.682,0.857,0.866,0.842,0.852,0.176,0.787,0.187,0.76,0.182,0.774,0.132,0.804,0.137,0.786,0.134,0.795,0.073,0.853,0.102,0.874,0.12,0.861,0.035,0.826
0.085,0.887,0.072,0.859,0.073,0.855,0.073,0.852,0.073,0.856,0.073,0.851,0.074,0.845,0.087,0.822,0.087,0.812,0.102,0.875,0.103,0.874,0.166,0.814,0.197,0.733,0.267,0.671,0.3,0.631,0.302,0.914,0.319,0.839,0.278,0.939,0.303,0.854,0.269,0.935,0.297,0.866,0.275,0.926,0.303,0.863,0.424,0.79,0.424,0.742,0.606,0.791,0.608,0.767,0.799,0.746,0.789,0.737,0.829,0.686,0.82,0.682,0.857,0.866,0.843,0.852,0.176,0.787,0.187,0.76,0.182,0.774,0.132,0.804,0.137,0.786,0.134,0.795,0.073,0.853,0.102,0.874,0.12,0.862,0.035,0.825
0.085,0.886,0.072,0.859,0.073,0.855,0.073,0.852,0.073,0.856,0.073,0.851,0.074,0.845,0.087,0.822,0.087,0.812,0.102,0.874,0.103,0.874,0.166,0.814,0.197,0.733,0.267,0.671,0.3,0.632,0.302,0.914,0.32,0.839,0.278,0.939,0.303,0.855,0.269,0.935,0.298,0.866,0.275,0.926,0.303,0.864,0.423,0.79,0.424,0.742,0.605,0.791,0.608,0.767,0.799,0.746,0.79,0.737,0.829,0.686,0.82,0.682,0.857,0.866,0.843,0.852,0.176,0.787,0.187,0.76,0.182,0.774,0.132,0.804,0.137,0.786,0.134,0.795,0.073,0.853,0.102,0.874,0.12,0.862,0.035,0.826
0.085,0.885,0.072,0.858,0.072,0.855,0.073,0.852,0.073,0.856,0.073,0.85,0.074,0.845,0.087,0.822,0.087,0.812,0.102,0.874,0.103,0.874,0.166,0.813,0.197,0.733,0.267,0.671,0.3,0.632,0.302,0.914,0.32,0.839,0.278,0.939,0.303,0.855,0.269,0.935,0.298,0.866,0.275,0.926,0.303,0.864,0.423,0.79,0.424,0.742,0.604,0.792,0.607,0.767,0.799,0.746,0.79,0.737,0.828,0.686,0.82,0.682,0.857,0.866,0.843,0.852,0.176,0.786,0.187,0.76,0.182,0.773,0.132,0.804,0.137,0.786,0.134,0.795,0.072,0.852,0.102,0.874,0.12,0.863,0.033,0.825
0.084,0.881,0.072,0.855,0.072,0.852,0.073,0.849,0.073,0.853,0.073,0.848,0.074,0.843,0.087,0.82,0.087,0.811,0.101,0.872,0.103,0.872,0.166,0.811,0.197,0.733,0.267,0.67,0.3,0.633,0.302,0.914,0.32,0.84,0.278,0.94,0.303,0.856,0.269,0.935,0.297,0.867,0.275,0.926,0.303,0.864,0.423,0.788,0.424,0.742,0.604,0.791,0.607,0.767,0.799,0.746,0.79,0.737,0.828,0.686,0.821,0.682,0.856,0.868,0.843,0.853,0.176,0.785,0.187,0.759,0.182,0.772,0.132,0.802,0.137,0.785,0.134,0.794,0.072,0.85,0.102,0.872,0.12,0.863,0.034,0.821
0.084,0.879,0.072,0.853,0.072,0.85,0.073,0.847,0.073,0.852,0.073,0.847,0.074,0.842,0.087,0.819,0.087,0.811,0.101,0.871,0.103,0.871,0.166,0.81,0.197,0.733,0.267,0.67,0.3,0.634,0.302,0.914,0.32,0.84,0.278,0.94,0.303,0.856,0.269,0.935,0.297,0.867,0.275,0.926,0.303,0.865,0.423,0.787,0.424,0.741,0.604,0.791,0.607,0.766,0.799,0.746,0.79,0.737,0.828,0.686,0.821,0.682,0.856,0.868,0.843,0.853,0.176,0.784,0.187,0.759,0.182,0.772,0.132,0.802,0.137,0.785,0.134,0.793,0.072,0.848,0.102,0.871,0.12,0.863,0.034,0.819
0.084,0.876,0.072,0.851,0.072,0.848,0.072,0.845,0.072,0.849,0.073,0.845,0.074,0.841,0.087,0.817,0.087,0.809,0.101,0.869,0.102,0.869,0.165,0.809,0.197,0.733,0.269,0.666,0.302,0.633,0.303,0.914,0.322,0.839,0.278,0.939,0.305,0.855,0.269,0.935,0.299,0.866,0.275,0.926,0.305,0.864,0.423,0.786,0.425,0.741,0.604,0.789,0.608,0.765,0.799,0.746,0.791,0.737,0.828,0.685,0.822,0.681,0.856,0.868,0.843,0.853,0.176,0.784,0.186,0.758,0.181,0.771,0.131,0.8,0.137,0.784,0.134,0.792,0.072,0.846,0.102,0.869,0.119,0.862,0.035,0.817
0.083,0.873,0.071,0.849,0.072,0.846,0.072,0.843,0.072,0.848,0.073,0.843,0.074,0.839,0.087,0.816,0.087,0.808,0.1,0.867,0.102,0.868,0.165,0.808,0.197,0.733,0.27,0.664,0.303,0.633,0.303,0.914,0.323,0.837,0.279,0.939,0.307,0.854,0.269,0.935,0.301,0.866,0.276,0.925,0.306,0.864,0.423,0.785,0.425,0.741,0.604,0.788,0.608,0.764,0.799,0.746,0.792,0.737,0.828,0.685,0.823,0.681,0.856,0.868,0.843,0.853,0.176,0.783,0.186,0.758,0.181,0.77,0.131,0.8,0.137,0.783,0.134,0.791,0.072,0.844,0.101,0.867,0.119,0.862,0.035,0.815
0.083,0.867,0.071,0.843,0.072,0.84,0.072,0.837,0.072,0.842,0.073,0.838,0.074,0.834,0.087,0.812,0.087,0.804,0.1,0.863,0.102,0.864,0.165,0.802,0.199,0.73,0.272,0.663,0.31,0.632,0.303,0.914,0.324,0.835,0.279,0.939,0.309,0.85,0.269,0.935,0.303,0.861,0.276,0.925,0.308,0.862,0.423,0.779,0.425,0.738,0.603,0.787,0.608,0.764,0.799,0.745,0.792,0.736,0.828,0.684,0.823,0.679,0.856,0.868,0.843,0.853,0.176,0.778,0.188,0.754,0.182,0.766,0.132,0.795,0.137,0.779,0.134,0.787,0.072,0.839,0.101,0.863,0.119,0.86,0.035,0.807
0.083,0.864,0.071,0.84,0.072,0.837,0.072,0.834,0.072,0.84,0.073,0.836,0.074,0.832,0.087,0.809,0.087,0.802,0.1,0.86,0.102,0.862,0.165,0.799,0.201,0.729,0.273,0.662,0.312,0.632,0.303,0.914,0.325,0.834,0.279,0.939,0.31,0.848,0.269,0.935,0.303,0.859,0.276,0.925,0.308,0.86,0.422,0.776,0.425,0.736,0.603,0.787,0.608,0.764,0.799,0.745,0.792,0.736,0.828,0.683,0.823,0.679,0.856,0.868,0.844,0.853,0.177,0.776,0.189,0.752,0.183,0.764,0.132,0.792,0.138,0.777,0.135,0.785,0.072,0.836,0.101,0.861,0.119,0.858,0.035,0.805
0.083,0.86,0.071,0.835,0.072,0.832,0.072,0.829,0.072,0.835,0.073,0.831,0.074,0.827,0.087,0.802,0.087,0.797,0.1,0.857,0.101,0.859,0.166,0.795,0.2,0.729,0.277,0.662,0.313,0.632,0.303,0.915,0.325,0.837,0.28,0.939,0.31,0.852,0.271,0.935,0.303,0.864,0.277,0.926,0.308,0.864,0.424,0.771,0.427,0.734,0.604,0.785,0.608,0.764,0.799,0.744,0.792,0.736,0.829,0.682,0.823,0.679,0.856,0.868,0.843,0.853,0.177,0.773,0.189,0.751,0.183,0.762,0.132,0.788,0.138,0.774,0.135,0.781,0.072,0.831,0.1,0.858,0.118,0.856,0.036,0.797
0.082,0.855,0.07,0.831,0.071,0.828,0.072,0.825,0.071,0.831,0.072,0.828,0.073,0.824,0.087,0.799,0.087,0.795,0.099,0.854,0.101,0.856,0.166,0.791,0.2,0.729,0.278,0.662,0.314,0.632,0.303,0.915,0.325,0.838,0.28,0.939,0.31,0.853,0.272,0.935,0.304,0.865,0.278,0.926,0.309,0.865,0.424,0.77,0.427,0.732,0.605,0.785,0.608,0.764,0.8,0.744,0.792,0.736,0.83,0.682,0.823,0.679,0.855,0.87,0.841,0.854,0.177,0.77,0.189,0.75,0.183,0.76,0.132,0.785,0.138,0.772,0.135,0.778,0.072,0.828,0.1,0.855,0.118,0.855,0.034,0.793
0.082,0.853,0.071,0.828,0.071,0.825,0.072,0.822,0.071,0.828,0.072,0.824,0.073,0.82,0.087,0.794,0.087,0.789,0.099,0.852,0.101,0.853,0.166,0.785,0.202,0.723,0.279,0.663,0.318,0.631,0.305,0.916,0.329,0.839,0.282,0.939,0.311,0.854,0.274,0.935,0.306,0.865,0.28,0.926,0.311,0.865,0.425,0.764,0.429,0.729,0.607,0.781,0.609,0.763,0.8,0.744,0.792,0.736,0.831,0.683,0.823,0.679,0.855,0.87,0.841,0.854,0.178,0.764,0.19,0.744,0.184,0.754,0.132,0.779,0.138,0.766,0.136,0.773,0.072,0.824,0.1,0.852,0.118,0.852,0.034,0.788
0.082,0.85,0.071,0.825,0.071,0.822,0.072,0.819,0.072,0.824,0.073,0.82,0.073,0.816,0.087,0.791,0.088,0.785,0.1,0.85,0.102,0.85,0.167,0.779,0.203,0.719,0.28,0.664,0.322,0.628,0.305,0.916,0.331,0.838,0.282,0.939,0.313,0.853,0.274,0.935,0.309,0.865,0.281,0.926,0.314,0.865,0.426,0.76,0.429,0.727,0.608,0.779,0.609,0.763,0.801,0.744,0.792,0.736,0.833,0.682,0.823,0.679,0.854,0.871,0.84,0.855,0.179,0.759,0.191,0.739,0.185,0.749,0.133,0.775,0.14,0.762,0.136,0.768,0.072,0.821,0.101,0.85,0.12,0.85,0.034,0.783
0.084,0.845,0.071,0.82,0.072,0.817,0.073,0.814,0.072,0.818,0.073,0.814,0.074,0.81,0.087,0.786,0.088,0.778,0.102,0.845,0.104,0.845,0.167,0.772,0.203,0.714,0.28,0.663,0.324,0.622,0.306,0.916,0.333,0.838,0.282,0.94,0.313,0.854,0.275,0.936,0.309,0.865,0.282,0.926,0.315,0.865,0.426,0.755,0.43,0.719,0.609,0.776,0.609,0.763,0.801,0.744,0.792,0.736,0.834,0.682,0.823,0.679,0.854,0.871,0.838,0.855,0.179,0.753,0.191,0.733,0.185,0.743,0.133,0.769,0.14,0.756,0.136,0.763,0.072,0.815,0.103,0.845,0.122,0.845,0.033,0.777
0.089,0.845,0.074,0.819,0.074,0.816,0.074,0.814,0.075,0.817,0.076,0.814,0.076,0.809,0.087,0.786,0.088,0.777,0.105,0.844,0.107,0.843,0.168,0.767,0.203,0.707,0.28,0.663,0.327,0.611,0.306,0.916,0.336,0.835,0.282,0.94,0.316,0.851,0.275,0.936,0.31,0.863,0.282,0.926,0.317,0.863,0.426,0.753,0.43,0.713,0.61,0.775,0.61,0.761,0.802,0.743,0.792,0.734,0.834,0.681,0.823,0.674,0.854,0.869,0.838,0.851,0.18,0.747,0.191,0.727,0.186,0.737,0.133,0.766,0.14,0.752,0.136,0.759,0.075,0.815,0.106,0.843,0.123,0.842,0.035,0.778
0.088,0.826,0.075,0.804,0.075,0.802,0.075,0.801,0.076,0.801,0.077,0.798,0.077,0.794,0.088,0.778,0.089,0.766,0.108,0.825,0.111,0.822,0.169,0.758,0.204,0.696,0.281,0.663,0.328,0.611,0.306,0.916,0.336,0.835,0.282,0.939,0.315,0.85,0.275,0.935,0.31,0.862,0.282,0.926,0.316,0.862,0.427,0.743,0.43,0.702,0.612,0.77,0.611,0.759,0.802,0.743,0.792,0.733,0.835,0.681,0.823,0.674,0.854,0.869,0.837,0.846,0.181,0.737,0.192,0.717,0.186,0.727,0.134,0.758,0.141,0.741,0.138,0.75,0.076,0.8,0.11,0.823,0.131,0.821,0.032,0.769
0.094,0.818,0.078,0.796,0.077,0.794,0.077,0.791,0.079,0.793,0.08,0.788,0.08,0.784,0.089,0.764,0.091,0.751,0.111,0.813,0.114,0.811,0.171,0.738,0.205,0.677,0.288,0.657,0.335,0.603,0.307,0.915,0.336,0.835,0.282,0.94,0.315,0.85,0.275,0.935,0.31,0.861,0.282,0.925,0.316,0.862,0.427,0.729,0.431,0.688,0.612,0.762,0.611,0.753,0.804,0.743,0.792,0.732,0.837,0.682,0.823,0.675,0.853,0.87,0.834,0.846,0.182,0.718,0.194,0.697,0.188,0.708,0.136,0.741,0.142,0.724,0.139,0.732,0.078,0.791,0.112,0.812,0.131,0.806,0.034,0.764
0.095,0.809,0.079,0.787,0.079,0.785,0.078,0.783,0.081,0.784,0.082,0.78,0.082,0.776,0.09,0.758,0.092,0.744,0.112,0.805,0.115,0.803,0.172,0.734,0.206,0.673,0.288,0.656,0.335,0.602,0.307,0.915,0.335,0.835,0.282,0.94,0.315,0.848,0.275,0.935,0.309,0.861,0.282,0.925,0.316,0.861,0.427,0.723,0.432,0.684,0.612,0.76,0.611,0.75,0.805,0.743,0.792,0.732,0.839,0.685,0.823,0.676,0.852,0.871,0.833,0.846,0.183,0.714,0.195,0.693,0.189,0.704,0.137,0.736,0.143,0.719,0.14,0.727,0.08,0.782,0.114,0.804,0.132,0.799,0.038,0.755
0.095,0.807,0.079,0.784,0.079,0.782,0.078,0.78,0.081,0.78,0.081,0.776,0.082,0.772,0.09,0.756,0.092,0.741,0.111,0.802,0.115,0.8,0.173,0.731,0.206,0.673,0.287,0.655,0.334,0.602,0.307,0.915,0.335,0.84,0.282,0.94,0.314,0.849,0.274,0.935,0.309,0.861,0.282,0.925,0.316,0.862,0.427,0.722,0.432,0.682,0.612,0.759,0.61,0.748,0.806,0.743,0.79,0.731,0.839,0.686,0.823,0.677,0.852,0.872,0.832,0.846,0.184,0.712,0.195,0.692,0.19,0.702,0.137,0.734,0.144,0.717,0.14,0.725,0.08,0.779,0.113,0.801,0.131,0.795,0.037,0.75
0.094,0.803,0.079,0.777,0.079,0.774,0.078,0.771,0.081,0.774,0.081,0.77,0.082,0.765,0.09,0.742,0.093,0.73,0.111,0.798,0.114,0.796,0.174,0.721,0.205,0.668,0.291,0.653,0.333,0.603,0.308,0.912,0.33,0.84,0.283,0.939,0.31,0.849,0.275,0.933,0.304,0.861,0.282,0.922,0.311,0.862,0.427,0.713,0.431,0.672,0.612,0.755,0.608,0.743,0.806,0.743,0.789,0.731,0.839,0.687,0.822,0.677,0.851,0.875,0.826,0.845,0.184,0.703,0.195,0.686,0.19,0.694,0.137,0.723,0.144,0.708,0.14,0.715,0.08,0.772,0.112,0.797,0.131,0.791,0.038,0.74
0.094,0.799,0.079,0.772,0.079,0.77,0.078,0.767,0.081,0.77,0.081,0.766,0.082,0.761,0.09,0.738,0.093,0.726,0.111,0.794,0.114,0.792,0.174,0.716,0.204,0.667,0.291,0.652,0.333,0.61,0.309,0.911,0.33,0.844,0.283,0.939,0.31,0.854,0.275,0.932,0.304,0.866,0.283,0.921,0.311,0.864,0.427,0.708,0.43,0.671,0.613,0.753,0.609,0.737,0.806,0.743,0.789,0.729,0.84,0.688,0.821,0.677,0.853,0.874,0.827,0.841,0.184,0.7,0.194,0.683,0.189,0.692,0.137,0.719,0.144,0.705,0.14,0.712,0.08,0.768,0.112,0.793,0.131,0.787,0.038,0.736
0.095,0.775,0.08,0.755,0.079,0.754,0.079,0.752,0.081,0.752,0.082,0.748,0.083,0.743,0.091,0.727,0.093,0.711,0.111,0.771,0.115,0.768,0.174,0.706,0.203,0.647,0.293,0.652,0.332,0.607,0.31,0.909,0.329,0.84,0.283,0.936,0.31,0.846,0.276,0.928,0.303,0.858,0.284,0.918,0.311,0.858,0.427,0.697,0.43,0.653,0.613,0.746,0.609,0.728,0.807,0.743,0.789,0.728,0.842,0.689,0.822,0.677,0.852,0.876,0.827,0.841,0.184,0.686,0.193,0.667,0.188,0.676,0.137,0.707,0.143,0.689,0.14,0.698,0.08,0.751,0.113,0.77,0.131,0.764,0.038,0.727
0.095,0.77,0.08,0.75,0.08,0.748,0.079,0.746,0.082,0.747,0.082,0.743,0.083,0.739,0.091,0.72,0.094,0.707,0.111,0.765,0.115,0.762,0.176,0.695,0.203,0.646,0.296,0.651,0.333,0.613,0.31,0.911,0.33,0.85,0.283,0.937,0.31,0.854,0.275,0.929,0.304,0.864,0.284,0.919,0.311,0.864,0.428,0.691,0.431,0.652,0.613,0.745,0.61,0.728,0.809,0.743,0.792,0.728,0.843,0.689,0.823,0.678,0.854,0.876,0.832,0.843,0.185,0.679,0.194,0.662,0.19,0.67,0.138,0.699,0.144,0.685,0.141,0.692,0.081,0.746,0.113,0.764,0.131,0.757,0.039,0.722
0.097,0.751,0.082,0.73,0.082,0.728,0.081,0.725,0.084,0.728,0.084,0.724,0.085,0.72,0.093,0.698,0.095,0.685,0.113,0.745,0.116,0.744,0.179,0.682,0.203,0.622,0.307,0.65,0.333,0.609,0.311,0.912,0.328,0.846,0.283,0.938,0.308,0.852,0.275,0.929,0.302,0.862,0.284,0.919,0.309,0.862,0.429,0.682,0.432,0.632,0.613,0.741,0.611,0.723,0.809,0.743,0.794,0.727,0.844,0.691,0.824,0.678,0.854,0.876,0.834,0.843,0.187,0.662,0.195,0.642,0.191,0.652,0.14,0.68,0.145,0.664,0.143,0.672,0.083,0.726,0.114,0.744,0.132,0.738,0.042,0.702
0.096,0.747,0.082,0.727,0.082,0.724,0.082,0.721,0.084,0.725,0.084,0.721,0.085,0.716,0.093,0.693,0.095,0.682,0.113,0.741,0.116,0.74,0.182,0.673,0.203,0.617,0.309,0.647,0.334,0.606,0.312,0.912,0.328,0.841,0.284,0.938,0.307,0.85,0.277,0.929,0.301,0.859,0.285,0.919,0.309,0.859,0.431,0.677,0.432,0.631,0.613,0.737,0.611,0.719,0.811,0.743,0.797,0.726,0.847,0.691,0.827,0.677,0.854,0.877,0.834,0.845,0.189,0.654,0.196,0.636,0.192,0.645,0.141,0.674,0.146,0.659,0.143,0.666,0.083,0.722,0.114,0.74,0.133,0.734,0.042,0.699
0.097,0.721,0.083,0.7,0.083,0.698,0.083,0.695,0.084,0.698,0.085,0.694,0.085,0.69,0.095,0.668,0.097,0.656,0.113,0.717,0.116,0.716,0.186,0.654,0.204,0.59,0.313,0.646,0.333,0.603,0.312,0.913,0.326,0.83,0.284,0.938,0.306,0.835,0.277,0.929,0.3,0.844,0.285,0.919,0.308,0.846,0.432,0.659,0.433,0.608,0.614,0.733,0.611,0.712,0.812,0.743,0.797,0.723,0.848,0.692,0.827,0.676,0.854,0.877,0.834,0.845,0.192,0.633,0.198,0.611,0.195,0.622,0.144,0.65,0.148,0.634,0.146,0.642,0.084,0.696,0.114,0.716,0.132,0.712,0.044,0.669
0.097,0.706,0.084,0.688,0.084,0.686,0.084,0.685,0.085,0.685,0.086,0.681,0.086,0.677,0.096,0.66,0.098,0.645,0.113,0.701,0.116,0.699,0.186,0.65,0.204,0.585,0.311,0.646,0.33,0.601,0.312,0.913,0.325,0.826,0.284,0.94,0.305,0.831,0.277,0.929,0.299,0.841,0.285,0.919,0.306,0.844,0.433,0.653,0.433,0.601,0.614,0.73,0.607,0.698,0.812,0.743,0.795,0.719,0.849,0.692,0.826,0.673,0.854,0.883,0.827,0.844,0.192,0.628,0.198,0.607,0.195,0.617,0.144,0.644,0.148,0.626,0.146,0.635,0.085,0.684,0.114,0.7,0.132,0.694,0.047,0.662
0.097,0.692,0.084,0.67,0.084,0.668,0.084,0.666,0.085,0.667,0.086,0.663,0.086,0.658,0.096,0.64,0.098,0.624,0.113,0.687,0.115,0.686,0.187,0.634,0.204,0.571,0.314,0.645,0.329,0.598,0.313,0.913,0.324,0.827,0.284,0.942,0.304,0.832,0.277,0.93,0.298,0.841,0.286,0.919,0.306,0.844,0.433,0.64,0.433,0.588,0.614,0.718,0.608,0.688,0.812,0.742,0.795,0.716,0.851,0.692,0.826,0.669,0.851,0.884,0.823,0.844,0.193,0.613,0.198,0.592,0.196,0.602,0.144,0.626,0.148,0.608,0.146,0.617,0.085,0.666,0.114,0.687,0.131,0.681,0.047,0.638
0.097,0.687,0.085,0.666,0.084,0.664,0.084,0.662,0.085,0.664,0.086,0.659,0.086,0.655,0.096,0.635,0.098,0.621,0.113,0.681,0.116,0.68,0.187,0.628,0.204,0.565,0.313,0.645,0.328,0.598,0.313,0.913,0.324,0.829,0.284,0.944,0.304,0.832,0.276,0.93,0.298,0.842,0.285,0.919,0.306,0.845,0.433,0.641,0.433,0.588,0.614,0.716,0.607,0.682,0.812,0.741,0.794,0.712,0.851,0.692,0.826,0.666,0.851,0.884,0.823,0.844,0.193,0.607,0.198,0.586,0.196,0.596,0.144,0.621,0.148,0.603,0.146,0.612,0.085,0.662,0.114,0.681,0.132,0.674,0.047,0.637
0.101,0.667,0.087,0.647,0.087,0.645,0.087,0.644,0.088,0.645,0.088,0.641,0.089,0.638,0.098,0.617,0.1,0.603,0.116,0.662,0.119,0.661,0.187,0.611,0.206,0.548,0.312,0.645,0.327,0.599,0.313,0.914,0.324,0.835,0.284,0.946,0.304,0.835,0.275,0.931,0.298,0.842,0.285,0.919,0.306,0.846,0.433,0.63,0.433,0.576,0.614,0.706,0.607,0.675,0.812,0.74,0.794,0.709,0.851,0.693,0.826,0.665,0.851,0.885,0.824,0.844,0.193,0.59,0.2,0.569,0.196,0.58,0.146,0.603,0.15,0.586,0.148,0.595,0.088,0.643,0.118,0.662,0.134,0.656,0.048,0.619
0.103,0.658,0.089,0.639,0.088,0.637,0.088,0.636,0.089,0.638,0.09,0.634,0.09,0.63,0.1,0.61,0.101,0.597,0.118,0.653,0.12,0.652,0.189,0.601,0.207,0.54,0.314,0.646,0.327,0.598,0.313,0.915,0.324,0.838,0.283,0.946,0.303,0.836,0.275,0.931,0.297,0.843,0.285,0.919,0.305,0.847,0.434,0.629,0.434,0.575,0.614,0.701,0.607,0.67,0.812,0.737,0.794,0.707,0.851,0.693,0.826,0.663,0.85,0.886,0.823,0.844,0.195,0.581,0.201,0.56,0.198,0.57,0.148,0.595,0.151,0.579,0.149,0.587,0.089,0.636,0.119,0.653,0.135,0.647,0.05,0.613
0.103,0.632,0.089,0.615,0.089,0.613,0.089,0.612,0.09,0.612,0.09,0.609,0.091,0.605,0.101,0.591,0.102,0.573,0.119,0.629,0.121,0.628,0.19,0.586,0.209,0.524,0.316,0.649,0.326,0.598,0.314,0.919,0.324,0.84,0.283,0.947,0.301,0.838,0.275,0.931,0.295,0.844,0.285,0.919,0.304,0.847,0.434,0.615,0.435,0.561,0.614,0.692,0.607,0.664,0.813,0.735,0.794,0.704,0.851,0.692,0.826,0.659,0.849,0.886,0.822,0.842,0.196,0.565,0.203,0.545,0.2,0.555,0.149,0.578,0.152,0.559,0.15,0.568,0.09,0.611,0.12,0.629,0.137,0.625,0.05,0.588
0.106,0.633,0.091,0.613,0.091,0.61,0.091,0.609,0.092,0.611,0.092,0.608,0.092,0.605,0.102,0.583,0.103,0.572,0.121,0.627,0.123,0.627,0.191,0.578,0.211,0.517,0.318,0.65,0.327,0.599,0.314,0.922,0.325,0.847,0.283,0.947,0.301,0.844,0.275,0.932,0.295,0.848,0.286,0.921,0.304,0.852,0.435,0.61,0.435,0.56,0.614,0.688,0.607,0.662,0.813,0.734,0.795,0.702,0.851,0.692,0.827,0.659,0.848,0.887,0.822,0.842,0.198,0.558,0.204,0.537,0.201,0.548,0.15,0.57,0.154,0.555,0.152,0.562,0.092,0.609,0.122,0.627,0.138,0.621,0.052,0.586
0.108,0.607,0.094,0.59,0.093,0.588,0.093,0.587,0.094,0.588,0.094,0.585,0.095,0.581,0.104,0.566,0.106,0.551,0.123,0.602,0.125,0.601,0.192,0.563,0.212,0.502,0.318,0.65,0.327,0.599,0.314,0.923,0.324,0.849,0.284,0.947,0.3,0.845,0.275,0.932,0.294,0.849,0.286,0.921,0.303,0.852,0.435,0.598,0.436,0.548,0.615,0.68,0.608,0.655,0.813,0.732,0.794,0.699,0.851,0.691,0.826,0.658,0.848,0.887,0.822,0.839,0.199,0.543,0.205,0.522,0.202,0.532,0.151,0.554,0.156,0.537,0.154,0.546,0.094,0.586,0.124,0.601,0.14,0.596,0.054,0.567
0.108,0.609,0.093,0.59,0.093,0.588,0.093,0.587,0.094,0.589,0.094,0.585,0.095,0.582,0.104,0.561,0.106,0.55,0.123,0.604,0.125,0.604,0.192,0.555,0.213,0.502,0.319,0.65,0.327,0.599,0.315,0.923,0.325,0.851,0.285,0.947,0.301,0.848,0.276,0.932,0.294,0.851,0.288,0.921,0.304,0.854,0.435,0.591,0.436,0.544,0.614,0.676,0.607,0.652,0.813,0.728,0.794,0.694,0.851,0.688,0.826,0.653,0.847,0.887,0.822,0.838,0.199,0.537,0.206,0.52,0.202,0.528,0.152,0.549,0.156,0.535,0.154,0.542,0.094,0.586,0.124,0.604,0.14,0.599,0.054,0.564
0.108,0.592,0.094,0.572,0.094,0.57,0.094,0.567,0.094,0.571,0.095,0.568,0.095,0.564,0.106,0.54,0.107,0.531,0.123,0.589,0.125,0.589,0.195,0.54,0.216,0.487,0.32,0.65,0.328,0.598,0.316,0.923,0.326,0.852,0.287,0.947,0.301,0.851,0.278,0.932,0.295,0.853,0.289,0.921,0.305,0.856,0.437,0.578,0.438,0.534,0.616,0.666,0.61,0.647,0.813,0.727,0.794,0.694,0.851,0.688,0.827,0.653,0.847,0.885,0.822,0.838,0.202,0.522,0.209,0.505,0.206,0.514,0.154,0.531,0.158,0.518,0.156,0.524,0.094,0.569,0.124,0.589,0.14,0.586,0.056,0.543
0.108,0.592,0.094,0.57,0.094,0.567,0.094,0.564,0.094,0.57,0.095,0.567,0.095,0.564,0.106,0.534,0.108,0.526,0.124,0.587,0.125,0.588,0.196,0.536,0.216,0.481,0.32,0.65,0.328,0.596,0.316,0.922,0.326,0.852,0.287,0.944,0.301,0.85,0.278,0.931,0.295,0.853,0.29,0.92,0.305,0.856,0.438,0.576,0.439,0.53,0.617,0.66,0.612,0.641,0.813,0.726,0.794,0.694,0.851,0.688,0.827,0.653,0.847,0.883,0.822,0.837,0.203,0.518,0.209,0.499,0.206,0.508,0.154,0.526,0.159,0.513,0.156,0.519,0.094,0.567,0.124,0.587,0.141,0.583,0.056,0.54
0.108,0.58,0.095,0.557,0.095,0.554,0.095,0.551,0.095,0.557,0.096,0.553,0.096,0.549,0.108,0.519,0.109,0.511,0.124,0.575,0.126,0.576,0.2,0.521,0.22,0.464,0.321,0.649,0.332,0.589,0.316,0.922,0.327,0.85,0.287,0.944,0.302,0.844,0.278,0.93,0.296,0.849,0.289,0.92,0.306,0.854,0.441,0.564,0.442,0.517,0.62,0.655,0.615,0.636,0.813,0.726,0.794,0.693,0.851,0.687,0.827,0.653,0.846,0.883,0.82,0.836,0.207,0.502,0.213,0.483,0.21,0.493,0.157,0.51,0.161,0.497,0.159,0.504,0.096,0.554,0.125,0.575,0.142,0.571,0.057,0.525
0.108,0.576,0.095,0.553,0.095,0.55,0.095,0.547,0.095,0.553,0.096,0.55,0.096,0.546,0.108,0.515,0.11,0.508,0.125,0.572,0.126,0.573,0.2,0.514,0.221,0.46,0.321,0.648,0.333,0.583,0.316,0.92,0.329,0.844,0.287,0.941,0.304,0.841,0.279,0.928,0.298,0.846,0.29,0.919,0.307,0.851,0.443,0.564,0.444,0.516,0.624,0.651,0.619,0.632,0.814,0.725,0.795,0.693,0.852,0.687,0.828,0.651,0.846,0.882,0.82,0.835,0.207,0.496,0.214,0.478,0.211,0.487,0.158,0.506,0.162,0.493,0.16,0.499,0.096,0.55,0.126,0.572,0.143,0.569,0.056,0.521
0.11,0.555,0.097,0.53,0.097,0.527,0.098,0.524,0.098,0.53,0.098,0.527,0.099,0.523,0.111,0.492,0.112,0.486,0.127,0.55,0.128,0.551,0.204,0.497,0.225,0.443,0.321,0.648,0.334,0.596,0.315,0.919,0.332,0.839,0.287,0.941,0.306,0.835,0.279,0.927,0.301,0.841,0.29,0.918,0.309,0.847,0.447,0.554,0.448,0.506,0.627,0.644,0.622,0.626,0.815,0.725,0.795,0.693,0.852,0.686,0.829,0.649,0.845,0.882,0.819,0.834,0.211,0.479,0.218,0.461,0.214,0.47,0.161,0.486,0.165,0.474,0.163,0.48,0.098,0.527,0.128,0.55,0.145,0.546,0.058,0.496
0.111,0.552,0.098,0.525,0.098,0.521,0.099,0.517,0.098,0.527,0.098,0.524,0.098,0.52,0.112,0.482,0.113,0.48,0.128,0.546,0.129,0.549,0.205,0.489,0.226,0.439,0.321,0.648,0.335,0.603,0.315,0.919,0.334,0.837,0.287,0.941,0.309,0.831,0.279,0.927,0.304,0.838,0.29,0.918,0.312,0.845,0.449,0.55,0.449,0.505,0.629,0.64,0.625,0.623,0.815,0.723,0.796,0.693,0.852,0.685,0.83,0.648,0.845,0.88,0.819,0.834,0.212,0.472,0.219,0.456,0.216,0.464,0.162,0.477,0.166,0.468,0.164,0.473,0.098,0.522,0.128,0.548,0.146,0.543,0.058,0.49
0.112,0.532,0.099,0.506,0.1,0.502,0.1,0.498,0.099,0.508,0.099,0.505,0.1,0.502,0.113,0.465,0.114,0.464,0.13,0.528,0.131,0.531,0.207,0.475,0.229,0.425,0.321,0.649,0.34,0.595,0.315,0.919,0.337,0.837,0.287,0.941,0.312,0.834,0.279,0.927,0.306,0.839,0.29,0.918,0.314,0.847,0.45,0.54,0.451,0.493,0.634,0.637,0.63,0.619,0.818,0.723,0.797,0.693,0.853,0.685,0.832,0.648,0.844,0.88,0.817,0.834,0.214,0.458,0.222,0.442,0.218,0.45,0.164,0.462,0.168,0.453,0.166,0.457,0.1,0.504,0.13,0.53,0.149,0.527,0.059,0.47
0.113,0.53,0.101,0.503,0.101,0.499,0.102,0.494,0.1,0.506,0.1,0.503,0.1,0.5,0.115,0.46,0.115,0.46,0.131,0.525,0.132,0.529,0.208,0.474,0.23,0.423,0.32,0.652,0.34,0.593,0.315,0.918,0.338,0.836,0.285,0.944,0.313,0.834,0.278,0.928,0.307,0.841,0.289,0.918,0.315,0.848,0.451,0.536,0.452,0.49,0.634,0.636,0.63,0.618,0.817,0.723,0.797,0.693,0.853,0.684,0.832,0.647,0.844,0.878,0.818,0.833,0.215,0.457,0.223,0.44,0.219,0.448,0.165,0.458,0.169,0.45,0.167,0.454,0.1,0.501,0.132,0.527,0.15,0.524,0.06,0.467
0.114,0.508,0.102,0.483,0.103,0.48,0.103,0.477,0.102,0.484,0.102,0.481,0.103,0.477,0.116,0.445,0.117,0.44,0.133,0.506,0.133,0.508,0.21,0.458,0.233,0.404,0.319,0.653,0.342,0.586,0.314,0.919,0.338,0.836,0.282,0.947,0.313,0.834,0.277,0.93,0.307,0.841,0.288,0.919,0.315,0.848,0.452,0.527,0.454,0.474,0.635,0.633,0.631,0.614,0.819,0.722,0.798,0.692,0.853,0.684,0.832,0.647,0.844,0.878,0.816,0.831,0.218,0.44,0.225,0.422,0.222,0.431,0.167,0.442,0.171,0.431,0.169,0.437,0.102,0.48,0.133,0.507,0.152,0.506,0.063,0.446
0.115,0.508,0.103,0.482,0.103,0.478,0.104,0.474,0.102,0.483,0.103,0.479,0.103,0.476,0.117,0.438,0.118,0.435,0.133,0.505,0.134,0.508,0.211,0.451,0.235,0.402,0.317,0.653,0.341,0.586,0.314,0.919,0.338,0.837,0.28,0.949,0.313,0.834,0.276,0.93,0.308,0.841,0.287,0.919,0.316,0.848,0.455,0.526,0.457,0.477,0.636,0.633,0.633,0.613,0.819,0.722,0.801,0.693,0.853,0.683,0.834,0.647,0.843,0.879,0.817,0.834,0.219,0.435,0.227,0.418,0.223,0.426,0.168,0.436,0.172,0.427,0.17,0.432,0.103,0.478,0.134,0.506,0.152,0.505,0.063,0.442
0.116,0.49,0.105,0.463,0.105,0.459,0.106,0.454,0.105,0.463,0.105,0.46,0.106,0.456,0.12,0.418,0.12,0.415,0.135,0.489,0.135,0.491,0.214,0.434,0.238,0.386,0.313,0.656,0.339,0.59,0.314,0.922,0.338,0.841,0.279,0.95,0.313,0.838,0.275,0.932,0.308,0.847,0.287,0.921,0.316,0.853,0.456,0.514,0.458,0.467,0.637,0.629,0.634,0.608,0.819,0.722,0.801,0.692,0.854,0.683,0.834,0.648,0.842,0.879,0.817,0.834,0.222,0.418,0.23,0.402,0.226,0.41,0.171,0.418,0.175,0.408,0.173,0.413,0.105,0.46,0.135,0.49,0.154,0.49,0.066,0.42
0.118,0.493,0.106,0.466,0.106,0.462,0.107,0.457,0.106,0.467,0.106,0.463,0.107,0.459,0.121,0.417,0.121,0.415,0.136,0.49,0.137,0.492,0.215,0.427,0.239,0.382,0.31,0.656,0.334,0.59,0.313,0.926,0.338,0.841,0.279,0.95,0.313,0.838,0.275,0.932,0.308,0.847,0.287,0.922,0.316,0.853,0.459,0.513,0.461,0.467,0.639,0.627,0.635,0.607,0.819,0.722,0.802,0.692,0.854,0.683,0.834,0.648,0.841,0.879,0.817,0.835,0.223,0.412,0.231,0.397,0.227,0.404,0.172,0.414,0.176,0.406,0.174,0.41,0.106,0.462,0.136,0.491,0.155,0.489,0.066,0.425
0.123,0.471,0.111,0.446,0.111,0.442,0.111,0.438,0.111,0.446,0.111,0.442,0.112,0.438,0.125,0.402,0.125,0.399,0.14,0.468,0.142,0.469,0.216,0.412,0.242,0.366,0.308,0.656,0.333,0.59,0.313,0.926,0.338,0.841,0.279,0.95,0.313,0.837,0.275,0.932,0.308,0.846,0.287,0.922,0.316,0.853,0.461,0.5,0.463,0.453,0.64,0.625,0.638,0.604,0.82,0.722,0.802,0.69,0.854,0.684,0.835,0.648,0.842,0.88,0.817,0.834,0.225,0.397,0.233,0.381,0.229,0.389,0.175,0.399,0.179,0.39,0.177,0.395,0.111,0.442,0.141,0.468,0.159,0.466,0.072,0.408
0.126,0.471,0.113,0.444,0.113,0.44,0.114,0.436,0.113,0.444,0.114,0.441,0.114,0.436,0.127,0.396,0.127,0.394,0.143,0.466,0.145,0.468,0.217,0.409,0.243,0.361,0.302,0.656,0.329,0.59,0.313,0.926,0.337,0.84,0.279,0.949,0.313,0.837,0.275,0.932,0.308,0.845,0.287,0.922,0.316,0.852,0.462,0.498,0.464,0.452,0.641,0.624,0.638,0.604,0.82,0.721,0.802,0.69,0.854,0.684,0.835,0.648,0.84,0.879,0.817,0.834,0.226,0.393,0.234,0.377,0.23,0.385,0.176,0.394,0.181,0.386,0.178,0.39,0.114,0.44,0.144,0.467,0.162,0.463,0.074,0.406
0.126,0.456,0.113,0.428,0.113,0.423,0.114,0.419,0.113,0.428,0.114,0.425,0.114,0.42,0.128,0.377,0.128,0.376,0.143,0.454,0.145,0.457,0.218,0.394,0.245,0.349,0.299,0.656,0.327,0.589,0.313,0.926,0.336,0.84,0.279,0.947,0.313,0.836,0.276,0.931,0.308,0.845,0.288,0.922,0.316,0.852,0.463,0.489,0.465,0.444,0.642,0.623,0.639,0.602,0.82,0.722,0.802,0.69,0.854,0.684,0.835,0.648,0.84,0.879,0.817,0.834,0.227,0.379,0.236,0.364,0.231,0.372,0.178,0.378,0.182,0.37,0.18,0.374,0.114,0.424,0.144,0.456,0.162,0.455,0.074,0.383
0.128,0.454,0.115,0.426,0.115,0.422,0.115,0.417,0.115,0.427,0.115,0.423,0.116,0.418,0.129,0.374,0.13,0.373,0.145,0.45,0.147,0.452,0.219,0.387,0.247,0.344,0.297,0.652,0.327,0.583,0.313,0.925,0.337,0.837,0.279,0.944,0.314,0.833,0.276,0.929,0.31,0.841,0.289,0.92,0.317,0.849,0.464,0.487,0.466,0.443,0.643,0.622,0.64,0.6,0.82,0.721,0.803,0.69,0.854,0.685,0.835,0.649,0.84,0.878,0.817,0.834,0.228,0.373,0.238,0.358,0.233,0.366,0.179,0.373,0.184,0.366,0.181,0.369,0.115,0.422,0.146,0.451,0.164,0.448,0.075,0.385
0.128,0.44,0.115,0.413,0.115,0.408,0.116,0.404,0.115,0.414,0.116,0.41,0.116,0.406,0.13,0.361,0.131,0.359,0.145,0.438,0.147,0.441,0.22,0.378,0.249,0.337,0.295,0.649,0.327,0.577,0.313,0.921,0.337,0.833,0.279,0.942,0.315,0.828,0.277,0.927,0.311,0.835,0.29,0.918,0.318,0.844,0.466,0.479,0.469,0.436,0.644,0.62,0.641,0.598,0.821,0.722,0.804,0.69,0.854,0.687,0.836,0.648,0.84,0.878,0.817,0.834,0.23,0.364,0.239,0.351,0.234,0.358,0.18,0.363,0.185,0.355,0.182,0.359,0.116,0.409,0.146,0.44,0.164,0.439,0.076,0.369
0.129,0.434,0.116,0.408,0.116,0.404,0.117,0.399,0.116,0.408,0.117,0.404,0.117,0.4,0.131,0.358,0.132,0.356,0.146,0.431,0.148,0.434,0.221,0.379,0.25,0.336,0.295,0.649,0.326,0.578,0.313,0.921,0.337,0.836,0.279,0.942,0.315,0.832,0.277,0.928,0.311,0.839,0.29,0.919,0.319,0.848,0.467,0.481,0.47,0.438,0.645,0.619,0.642,0.598,0.821,0.722,0.804,0.69,0.854,0.688,0.836,0.65,0.84,0.878,0.817,0.833,0.231,0.365,0.24,0.35,0.236,0.358,0.181,0.361,0.186,0.353,0.184,0.357,0.116,0.404,0.147,0.432,0.165,0.431,0.077,0.367
0.13,0.421,0.118,0.393,0.118,0.388,0.119,0.383,0.118,0.395,0.118,0.392,0.118,0.389,0.134,0.339,0.133,0.344,0.147,0.419,0.148,0.424,0.224,0.367,0.251,0.334,0.292,0.648,0.32,0.586,0.312,0.922,0.337,0.844,0.279,0.942,0.315,0.845,0.276,0.93,0.311,0.852,0.29,0.922,0.319,0.857,0.468,0.475,0.47,0.437,0.646,0.619,0.643,0.597,0.822,0.723,0.804,0.69,0.854,0.69,0.837,0.65,0.841,0.878,0.817,0.834,0.233,0.356,0.242,0.345,0.238,0.351,0.184,0.348,0.188,0.344,0.186,0.346,0.118,0.39,0.148,0.422,0.165,0.422,0.08,0.349
0.13,0.418,0.118,0.39,0.119,0.385,0.119,0.38,0.118,0.392,0.118,0.389,0.119,0.385,0.134,0.336,0.134,0.34,0.147,0.416,0.148,0.421,0.226,0.366,0.252,0.335,0.291,0.648,0.316,0.592,0.311,0.922,0.336,0.847,0.279,0.942,0.314,0.851,0.276,0.93,0.311,0.857,0.29,0.922,0.318,0.861,0.469,0.475,0.47,0.438,0.647,0.618,0.645,0.597,0.822,0.724,0.805,0.691,0.855,0.691,0.837,0.651,0.841,0.878,0.817,0.834,0.235,0.356,0.243,0.345,0.239,0.351,0.184,0.346,0.189,0.343,0.186,0.344,0.118,0.387,0.148,0.418,0.165,0.419,0.081,0.346
0.131,0.408,0.12,0.379,0.12,0.373,0.121,0.368,0.119,0.382,0.12,0.379,0.12,0.376,0.136,0.323,0.136,0.329,0.148,0.407,0.149,0.412,0.228,0.36,0.253,0.331,0.288,0.647,0.313,0.596,0.311,0.922,0.335,0.85,0.279,0.942,0.313,0.857,0.277,0.93,0.311,0.864,0.29,0.923,0.318,0.867,0.47,0.471,0.471,0.435,0.647,0.617,0.645,0.596,0.822,0.724,0.805,0.691,0.855,0.691,0.838,0.652,0.841,0.878,0.817,0.835,0.236,0.35,0.245,0.341,0.24,0.346,0.186,0.337,0.19,0.335,0.188,0.336,0.12,0.376,0.148,0.41,0.166,0.411,0.083,0.332
0.133,0.405,0.122,0.377,0.123,0.371,0.123,0.365,0.121,0.381,0.122,0.378,0.122,0.375,0.138,0.321,0.137,0.328,0.15,0.402,0.151,0.409,0.229,0.357,0.254,0.328,0.287,0.646,0.312,0.599,0.31,0.922,0.335,0.851,0.279,0.942,0.313,0.86,0.277,0.931,0.311,0.867,0.29,0.923,0.318,0.869,0.47,0.47,0.471,0.435,0.648,0.616,0.645,0.596,0.822,0.723,0.806,0.692,0.855,0.691,0.838,0.653,0.841,0.878,0.817,0.835,0.237,0.347,0.246,0.338,0.242,0.342,0.188,0.334,0.191,0.333,0.19,0.334,0.122,0.374,0.15,0.406,0.168,0.406,0.086,0.334
0.134,0.399,0.123,0.371,0.124,0.365,0.125,0.359,0.122,0.374,0.123,0.372,0.123,0.368,0.14,0.314,0.139,0.321,0.151,0.397,0.152,0.403,0.231,0.354,0.255,0.321,0.285,0.645,0.312,0.599,0.31,0.922,0.335,0.85,0.279,0.942,0.313,0.859,0.277,0.931,0.31,0.866,0.29,0.923,0.318,0.868,0.471,0.468,0.472,0.431,0.648,0.616,0.645,0.595,0.823,0.724,0.806,0.692,0.856,0.691,0.838,0.653,0.841,0.878,0.818,0.835,0.239,0.343,0.247,0.332,0.243,0.338,0.19,0.328,0.193,0.326,0.191,0.328,0.124,0.368,0.152,0.4,0.169,0.401,0.087,0.328
0.135,0.397,0.124,0.37,0.125,0.364,0.126,0.359,0.123,0.372,0.124,0.369,0.124,0.366,0.141,0.315,0.14,0.32,0.153,0.395,0.153,0.401,0.233,0.351,0.257,0.32,0.284,0.644,0.312,0.599,0.31,0.922,0.335,0.85,0.278,0.942,0.313,0.859,0.276,0.932,0.31,0.867,0.29,0.924,0.318,0.869,0.472,0.466,0.473,0.43,0.648,0.616,0.645,0.595,0.824,0.724,0.806,0.692,0.856,0.691,0.839,0.653,0.841,0.877,0.818,0.834,0.241,0.341,0.249,0.33,0.245,0.336,0.191,0.328,0.194,0.325,0.193,0.326,0.124,0.366,0.153,0.398,0.171,0.399,0.087,0.326
0.137,0.393,0.126,0.366,0.127,0.36,0.127,0.354,0.125,0.369,0.125,0.366,0.126,0.363,0.142,0.31,0.142,0.316,0.154,0.39,0.155,0.397,0.234,0.345,0.258,0.315,0.282,0.643,0.313,0.597,0.31,0.922,0.335,0.848,0.277,0.944,0.313,0.858,0.275,0.933,0.31,0.865,0.289,0.924,0.318,0.867,0.474,0.464,0.474,0.428,0.648,0.616,0.645,0.595,0.824,0.724,0.807,0.691,0.856,0.692,0.839,0.653,0.841,0.876,0.818,0.831,0.242,0.335,0.25,0.325,0.246,0.33,0.192,0.322,0.196,0.32,0.194,0.322,0.126,0.363,0.154,0.394,0.172,0.394,0.089,0.323
0.138,0.393,0.127,0.366,0.128,0.361,0.129,0.355,0.126,0.369,0.127,0.367,0.127,0.363,0.144,0.311,0.143,0.316,0.156,0.389,0.156,0.396,0.235,0.345,0.261,0.311,0.282,0.642,0.313,0.595,0.309,0.921,0.335,0.847,0.276,0.946,0.313,0.857,0.274,0.934,0.31,0.864,0.289,0.924,0.319,0.867,0.475,0.463,0.476,0.427,0.648,0.616,0.646,0.594,0.825,0.724,0.808,0.691,0.856,0.694,0.84,0.653,0.841,0.875,0.818,0.829,0.244,0.334,0.252,0.322,0.248,0.328,0.194,0.322,0.198,0.319,0.196,0.321,0.128,0.364,0.156,0.392,0.174,0.392,0.09,0.327
0.14,0.391,0.129,0.364,0.13,0.359,0.13,0.353,0.128,0.368,0.128,0.365,0.129,0.362,0.145,0.31,0.145,0.315,0.158,0.386,0.158,0.392,0.237,0.345,0.262,0.31,0.281,0.641,0.313,0.595,0.309,0.92,0.335,0.847,0.275,0.947,0.313,0.857,0.273,0.935,0.31,0.865,0.288,0.925,0.318,0.867,0.477,0.462,0.478,0.426,0.649,0.616,0.647,0.594,0.827,0.724,0.81,0.691,0.857,0.695,0.842,0.654,0.841,0.874,0.819,0.828,0.245,0.333,0.254,0.322,0.25,0.328,0.195,0.322,0.199,0.318,0.197,0.32,0.129,0.362,0.158,0.389,0.176,0.387,0.091,0.327
